companies,commentsCount,hitsCount,likes
a1,28.847520661157024,3152.6545454545453,387.0082644628099
aaa,40.833333333333336,4496.9047619047615,193.66666666666666
abacus,32.333333333333336,3429.3333333333335,45.0
abbott,10.0,2669.0,21.666666666666668
abi,134.8,8116.0,69.4
abm,170.0,11828.5,91.5
abs,52.0,5255.333333333333,49.166666666666664
acceleration,27.5,2051.576923076923,533.2692307692307
accenture,82.0,4894.0,95.0
acer,52.26609442060086,3843.030042918455,338.6008583690987
acronis,49.55555555555556,4367.0,32.888888888888886
action,29.85981308411215,2918.3199137311285,468.58087706685836
actor,21.27777777777778,2708.796296296296,100.92592592592592
adapter,39.774193548387096,2259.451612903226,65.25806451612904
adguard,12.805555555555555,653.4722222222222,519.6111111111111
adidas,29.333333333333332,2903.753623188406,153.1014492753623
adjust,20.523809523809526,2615.5714285714284,153.28571428571428
admitad,3.736842105263158,288.94736842105266,52.578947368421055
adv,21.0,1183.3333333333333,34.666666666666664
advance,21.486486486486488,2486.436936936937,363.2852852852853
advanced,32.53811659192825,3447.5695067264573,151.95515695067266
advego,23.0,446.0,34.0
adventum,22.0,1022.0,22.0
aeon,33.190751445086704,3844.4797687861274,242.4277456647399
aero,57.73015873015873,3973.777777777778,172.14285714285714
aeterna,13.0,1025.2068965517242,275.7241379310345
affect,28.0,1853.3333333333333,31.666666666666668
aga,16.9,1278.6,230.2
agora,39.0,2122.2727272727275,634.7272727272727
ahead,16.07920792079208,2026.1287128712872,228.72277227722773
aic,13.166666666666666,664.75,43.583333333333336
aig,8.0,92.0,9.0
aigrind,0.0,48.0,0.0
airo,11.333333333333334,898.0,83.33333333333333
ais,13.142857142857142,2154.4285714285716,10.857142857142858
ait,39.46153846153846,3791.153846153846,592.0
alawar,25.440366972477065,2048.467889908257,92.77981651376147
alb,2.0,169.0,13.5
alconost,16.307692307692307,1138.820512820513,20.615384615384617
alcor,11.0,1089.0,6.0
alfred,33.40909090909091,1887.6363636363637,88.68181818181819
allcorrect,20.11111111111111,2089.3888888888887,32.55555555555556
allianz,14.0,545.0,17.0
alser,32.0,406.0,1.0
altair,25.38888888888889,2832.027777777778,245.52777777777777
alter,31.520833333333332,4291.291666666667,85.875
alterego,0.75,215.5,29.5
altima,30.0,8055.0,27.0
altspace,11.583333333333334,2010.75,72.58333333333333
alucard,19.8,3188.8,69.2
amai,4.5,560.5,19.0
amax,2.0,1938.5,10.0
amazon,45.151362984218075,4156.555236728838,166.1341463414634
ambience,30.75,1809.3125,118.75
amiga,20.62691131498471,2390.321100917431,200.22324159021406
amity,46.6,2026.8,44.8
ample,12.0,333.6666666666667,13.666666666666666
amt,23.428571428571427,2223.285714285714,21.285714285714285
an,24.87467018469657,2431.217678100264,255.3377308707124
ancor,6.0,137.0,1.5
andersen,18.137931034482758,2206.689655172414,337.2758620689655
angry,32.49285714285714,2967.0833333333335,264.07380952380953
ans,57.333333333333336,6621.0,5.0
antilatency,4.0,424.0,8.0
anvi,7.0,194.0,12.0
anvics,0.0,88.0,6.0
anytime,5.0,1320.5,23.0
apla,49.166666666666664,2587.6666666666665,35.0
aporia,5.5,1765.0,10.5
appache,5.0,678.0,12.0
apparat,0.0,47.5,3.0
appbooster,6.111111111111111,461.0,20.11111111111111
applovin,13.777777777777779,1171.7777777777778,17.0
appodeal,10.352941176470589,2826.8529411764707,17.823529411764707
approve,11.0,452.0,16.0
apptica,16.25,2495.75,17.625
aquarius,53.0,9605.75,163.25
ar,26.760563380281692,2412.080985915493,213.25704225352112
arkadia,171.0,10488.0,126.0
arkadium,1.5,1289.5,8.0
armi,0.0,0.0,0.0
arrival,30.977272727272727,5086.681818181818,255.70454545454547
arzamas,8.333333333333334,1184.0,52.666666666666664
asap,7.409090909090909,489.6818181818182,1165.465909090909
asd,25.5,1582.5,35.25
aska,111.0,23822.0,335.0
asp,22.571428571428573,1110.5714285714287,38.42857142857143
ast,32.833333333333336,1790.1666666666667,87.5
astel,0.0,17.0,9.0
asteroid,17.333333333333332,2058.814814814815,61.629629629629626
astra,35.51923076923077,2887.8653846153848,77.78846153846153
atas,0.0,34.0,2.0
atlant,13.0,3840.0,20.0
atlantis,23.31,2695.66,208.91
atmosfera,19.5,1798.0,119.0
atomic,58.89684813753582,4085.6389684813753,311.6618911174785
atos,24.5,9402.0,40.0
attl,15.782608695652174,1251.2608695652175,962.0
auriga,31.0,2547.0,30.0
aurus,1.0,23.5,10.0
author.today,5.5,708.1,19.85
avatar,36.71176470588235,4495.423529411764,221.24117647058824
avd,10.333333333333334,987.9166666666666,69.58333333333333
avenue,16.369565217391305,2026.4565217391305,104.8913043478261
aviator,15.0,745.5,47.5
avid,24.0,2917.2,81.0
avilon,0.0,5.666666666666667,10.0
avocado,26.076923076923077,1550.923076923077,42.69230769230769
avrorus,5.0,152.0,0.0
awakened,20.902439024390244,2826.5365853658536,275.780487804878
awg,31.0,2514.5,120.0
axel,12.372093023255815,1183.1627906976744,137.2325581395349
axon,47.375,2451.5,79.375
az,24.345454545454544,2067.258181818182,416.4654545454545
b9,21.8269416072461,2322.910580073232,269.738485257275
background,9.5,1911.1904761904761,67.9047619047619
badoo,14.857142857142858,2223.714285714286,102.71428571428571
bauer,37.333333333333336,4857.0,41.0
baza,201.54545454545453,13232.09090909091,137.0
bcc,3.391304347826087,85.02173913043478,1.6956521739130435
bcg,112.0,5002.333333333333,158.66666666666666
beau,70.14285714285714,6312.0,147.85714285714286
beeper,6.0,1085.75,76.0
beget,19.0,749.5,3.0
begun,8.0,449.0,25.0
beholder,30.167664670658684,2787.3502994011974,273.7544910179641
bella,10.105263157894736,867.1578947368421,137.8421052631579
bercut,102.23469387755102,1193.0204081632653,261.0204081632653
bergen,119.2,7122.8,289.2
beta,28.618243243243242,2291.570945945946,98.29054054054055
betty,11.789473684210526,1679.1052631578948,51.68421052631579
binance,128.66666666666666,4842.333333333333,65.33333333333333
bit,18.32274247491639,1884.5133779264213,187.62876254180603
bit.games,22.857142857142858,2939.1428571428573,15.928571428571429
bitbox,15.823529411764707,4967.64705882353,18.352941176470587
bitter,17.024390243902438,2552.9268292682927,203.4390243902439
bizon,18.833333333333332,2381.8333333333335,13.666666666666666
blackbird,21.50980392156863,2197.274509803922,117.31372549019608
blackbox,3.5,135.0,8.0
blackmagic,11.428571428571429,2169.4285714285716,18.571428571428573
blackwall,36.0,817.0,19.0
blackwood,46.52,3642.04,212.06
bladestorm,18.0,1787.6,218.0
boft,120.0,9524.0,154.0
boner,13.333333333333334,1270.888888888889,140.77777777777777
bookmate,3.2857142857142856,360.07142857142856,16.857142857142858
boomstarter,26.47222222222222,3639.4166666666665,55.22222222222222
bork,0.5,148.5,12.5
borland,41.54545454545455,7196.636363636364,427.40909090909093
bosch,10.6,3643.0,66.4
bothelp,0.0,458.0,0.0
bounds,11.0,2477.0666666666666,156.73333333333332
boxberry,54.8,1565.2,119.4
bp,61.72508591065292,2315.360824742268,258.2061855670103
brainpower,0.0,35.0,1.0
brainstorm,34.333333333333336,6408.166666666667,66.0
bravado,7.5,702.5,13.5
brenda,22.333333333333332,3000.3333333333335,31.666666666666668
brick,28.0,2525.114942528736,210.73563218390805
bright,32.0253164556962,2757.1392405063293,263.30801687763716
broccoli,8.137931034482758,892.0344827586207,188.06896551724137
bsl,20.285714285714285,1195.2857142857142,74.57142857142857
bss,12.833333333333334,3740.6666666666665,425.0
btd,8.333333333333334,267.0,1.6666666666666667
buro,58.5,3842.25,62.0
butler,12.307692307692308,1423.923076923077,45.46153846153846
bytex,26.0,1711.0,36.0
cafemax,10.0,8102.0,31.0
camelot,23.677419354838708,2998.0,51.354838709677416
canon,42.68888888888889,4237.155555555555,76.08888888888889
capitalist,18.0,2432.269230769231,40.15384615384615
caravan,21.38,1369.34,188.82
catchers,15.6,1988.8,49.2
cbs,28.764705882352942,5040.64705882353,216.11764705882354
ccs,110.25,1480.25,11.25
cdc,18.90909090909091,1745.5454545454545,66.0909090909091
centra,9.6,566.1,71.8
cerebro,11.666666666666666,764.6666666666666,4.666666666666667
cfm,4.0,676.4444444444445,146.88888888888889
cgf,9.68421052631579,1270.421052631579,400.63157894736844
challenger,17.695652173913043,2007.1739130434783,670.223602484472
change,45.62564102564102,4491.194871794872,110.48717948717949
charmer,1.5,210.5,3.5
chaser,47.80357142857143,2755.25,256.85714285714283
chatfuel,98.0,1549.0,18.0
checkaso,2.0,250.4,4.2
cheeze,15.333333333333334,4761.0,67.66666666666667
chosen,39.77215189873418,3754.4556962025317,63.18987341772152
cider,10.176470588235293,850.2156862745098,162.84313725490196
ciliz,16.666666666666668,1432.0,81.66666666666667
cisco,11.727272727272727,1635.5454545454545,108.9090909090909
citadel,26.9,3532.85,149.8
citibank,81.0,7835.5,29.5
cks,10.333333333333334,144.66666666666666,9.333333333333334
clarus,26.6,2569.5333333333333,40.0
clc,6.363636363636363,1041.1818181818182,50.81818181818182
clever,29.976744186046513,1526.3488372093022,91.55813953488372
click,28.273224043715846,2579.863387978142,149.11475409836066
clipper,8.0,815.5,34.25
clos,18.75,5266.25,44.0
cloudera,2.0,2635.0,11.0
cloudy,9.8,1352.0,16.6
clout,19.571428571428573,1346.904761904762,515.2857142857143
clubs,11.0,576.75,20.5
comfy,49.0,661.0,5.0
comon,27.923076923076923,3880.153846153846,42.61538461538461
companion,16.161290322580644,3016.6129032258063,338.0967741935484
compo,4.428571428571429,495.42857142857144,22.142857142857142
concord,19.833333333333332,3517.1666666666665,356.0
conundrum,31.0,3989.714285714286,53.285714285714285
conversation,10.6,2009.1,103.95
convert,27.0,4192.75,50.0
convexity,30.0,1096.0,33.0
cord,7.294117647058823,13489.235294117647,57.94117647058823
core,42.30376028202115,3613.6245593419508,183.24206815511164
cornerstone,32.111111111111114,1210.888888888889,202.55555555555554
cortex,36.53389830508475,2376.4576271186443,110.33898305084746
cosmos,43.8,3984.123076923077,210.2153846153846
coub,40.64,2259.88,191.26666666666668
council,48.29565217391304,4220.04347826087,94.59130434782608
counterspell,64.0,11058.0,55.0
cove,67.11111111111111,4368.022222222222,53.13333333333333
cqg,24.0,3066.0,35.0
crafter,16.615384615384617,1936.2307692307693,77.23076923076923
cratos,60.0,3891.0,175.0
create,28.82608695652174,3292.090909090909,253.07114624505928
creative,26.037993920972646,2842.566869300912,98.69604863221885
crm,37.64705882352941,3523.705882352941,545.6470588235294
crossover,32.63636363636363,2064.818181818182,65.45454545454545
cs,27.765060240963855,2647.867469879518,252.14457831325302
csm,14.8,939.0,168.3
csoft,38.0,2242.25,45.65
cti,1.4,138.6,32.2
cuba,157.25,3673.0,37.5
curves,4.5,2380.090909090909,116.9090909090909
cx,28.736363636363638,3781.7136363636364,398.3181818181818
danke,54.0,3593.0,39.0
danone,162.0,20277.0,306.0
dapp,17.0,8840.0,19.0
darwin,53.44,3287.86,159.64
datasurf,16.0,1362.0,42.0
dbi,29.0,894.0,3.0
decent,8.057142857142857,2608.057142857143,341.62857142857143
decisions,12.2,2653.8,38.8
deck,41.986745213549334,2417.1546391752577,595.081001472754
decode,31.5,1740.625,85.25
delete,36.06666666666667,6460.816666666667,138.48333333333332
deleted,62.0,7365.428571428572,94.85714285714286
deliver,40.125,3379.15,49.45
deloitte,40.421052631578945,3456.2105263157896,75.89473684210526
delta,27.09090909090909,2564.9793388429753,330.62396694214874
denim,6.0,303.3333333333333,15.666666666666666
dentsu,79.14285714285714,3451.714285714286,81.14285714285714
depositphotos,8.736842105263158,627.8421052631579,506.0
desire,18.861538461538462,4415.169230769231,91.26153846153846
destiny.games,51.0,3166.5,15.0
dev,17.35430463576159,2034.2827814569537,118.59205298013245
deva,5.666666666666667,333.6666666666667,23.333333333333332
developments,37.61654135338346,3129.6691729323306,90.00751879699249
devex,51.0,2440.0,11.0
devtodev,8.0,4317.75,30.0
df,17.294117647058822,2766.448529411765,182.39705882352942
diageo,74.0,10828.0,91.0
dialog,43.77777777777778,17662.777777777777,54.0
diamond,30.261290322580646,4414.906451612903,250.20322580645163
dice,40.4622641509434,3383.330188679245,88.38679245283019
didi,4.142857142857143,601.8571428571429,22.428571428571427
diem,7.333333333333333,701.5,36.166666666666664
digi,32.81578947368421,3343.8947368421054,144.47368421052633
digis,71.0,17337.0,20.0
digital,51.884757383966246,4008.1418776371306,183.40005274261603
diorama,12.4,1899.4,54.0
diplomat,5.5,253.0,13.5
disco,36.82180293501048,2244.302935010482,315.37945492662476
distillery,16.5,1930.0,92.0
dls,105.8,11985.6,63.4
dna,5.5,97.0,5.0
dns,59.916666666666664,4018.2083333333335,307.5
dobro,16.0,241.0,15.0
dolphin,16.387959866220736,2117.153846153846,615.8327759197324
dominion,25.309859154929576,5304.774647887324,90.5774647887324
domo,18.428571428571427,1039.2857142857142,30.0
doumo,21.5,588.5,26.0
dowell,40.0,1884.6666666666667,56.0
drimmi,2.6666666666666665,3174.0,8.333333333333334
ducky,69.66666666666667,7275.666666666667,51.666666666666664
duran,14.973684210526315,1961.5263157894738,119.89473684210526
dvn,0.0,335.0,11.0
eastwood,15.222222222222221,879.7777777777778,75.55555555555556
ebay,37.151785714285715,3784.1696428571427,168.34821428571428
ecco,32.302083333333336,4360.260416666667,226.91666666666666
echo,30.65909090909091,3102.651515151515,148.10227272727272
edadeal,6.0,827.0,20.0
edison,32.285714285714285,1953.857142857143,23.0
edna,24.047619047619047,2905.1428571428573,97.52380952380952
effect,41.935081148564294,3403.5121722846443,262.67883895131087
effective,23.857142857142858,2609.4285714285716,20.285714285714285
eggo,20.0,3729.0,26.0
ejaw,5.5,664.5,5.0
ekf,15.0,165.0,6.0
eko,20.9,1378.2,20.6
electrolux,125.0,1432.0,2.0
electron,29.5,2996.2368421052633,132.23684210526315
elements,34.45454545454545,10829.77922077922,109.37662337662337
elfin,14.0,513.0,32.0
elite,38.32350463352991,3534.956192080876,184.24599831508004
elixir,20.2,3341.85,95.5
elma,36.0,2333.0,105.0
eltex,5.0,192.0,11.0
elverils,52.4,3794.0,155.0
elyland,11.0,3993.0,20.0
emc,5.5,109.5,13.0
eme,8.0,92.0,9.0
empire,30.501041666666666,3380.29375,161.53333333333333
emporium,2.0,89.33333333333333,25.0
engine,33.53197042192257,3126.306872553284,253.0563288386255
epn,31.0,3293.8,94.0
ericsson,35.723076923076924,6749.446153846154,171.84615384615384
eset,7.0,108.0,1.0
ethr,8.0,92.0,9.0
etna,166.0,12399.0,96.0
eva,16.189655172413794,1785.9655172413793,137.94827586206895
everest,13.428571428571429,624.9285714285714,31.571428571428573
everyone,20.74468085106383,1963.1702127659576,47.04255319148936
evo,29.00925925925926,3122.324074074074,48.28703703703704
evolution,31.414736842105263,4357.88,254.03157894736842
evolv,16.333333333333332,131.66666666666666,24.0
example,6.0,2383.1111111111113,64.72222222222223
ey,26.704301075268816,2059.5,106.93548387096774
fabrika,4.5,146.5,19.0
familia,10.761904761904763,1219.095238095238,213.8095238095238
faraway,19.181818181818183,2772.5454545454545,168.72727272727272
fashion,31.238095238095237,2362.1666666666665,119.94047619047619
faster,29.105882352941176,4002.1176470588234,170.01764705882354
fbs,15.666666666666666,2134.6666666666665,59.666666666666664
fcg,9.25,2714.75,18.75
feo,15.0,165.0,6.0
fest,31.272108843537413,2312.2698412698414,394.09297052154193
ff,12.780952380952382,2145.7619047619046,266.25
fgfactory,10.0,1303.0,3.0
fiber,9.884615384615385,693.7692307692307,204.07692307692307
fibonacci,30.0,3180.5,26.5
fibrum,3.9166666666666665,3392.25,9.166666666666666
fim,14.615384615384615,7272.692307692308,22.153846153846153
finch,32.08,3118.4061538461538,291.6030769230769
fintech,2.5,240.0,11.5
fitbit,17.5,606.0,4.75
flex,28.55,2504.6,83.9
flic,97.0,8258.0,218.0
fmedia,14.23404255319149,1482.1489361702127,454.51063829787233
folks,36.52,2249.44,54.12
forbes,63.973584905660374,5901.988679245283,142.1320754716981
form,24.53921568627451,3558.6176470588234,90.79411764705883
forma,4.0,314.5,23.0
formoza,26.5,7518.25,40.25
fortuna,21.916666666666668,2118.75,41.416666666666664
forward,37.914089347079035,3441.7079037800686,133.98625429553263
fplay,5.100840336134453,3280.3109243697477,10.596638655462185
frank,19.53846153846154,3077.594871794872,233.09230769230768
freed,36.0,16050.0,39.0
freelance,20.57894736842105,1789.1315789473683,137.1578947368421
freemake,5.0,2502.0,33.0
freeplay,59.6,4637.0,27.8
fresco,3.75,85.125,94.0
fsa,5.333333333333333,2269.4444444444443,14.0
fstr.tech,8.166666666666666,813.0,23.333333333333332
ftg,3.5,655.3,141.9
fuel,54.38461538461539,5275.0,190.57692307692307
fulcrum,25.0,1477.5,46.833333333333336
fulldive,9.0,990.0,3.0
funpay,57.0,4018.0,9.0
furla,16.0,1118.0,41.0
fury,31.25777777777778,3061.1007407407405,215.03851851851852
fusion,29.923387096774192,3064.6693548387098,144.98790322580646
futura,16.75,2067.25,128.58333333333334
future,32.9003984063745,3526.1819389110224,158.730411686587
futurico,42.5,1416.5,209.0
gaijin,46.48739495798319,5076.764705882353,60.680672268907564
galantis,44.5,2788.0,90.75
galaxy.,11.5,731.875,189.375
gallery,30.924242424242426,3870.318181818182,108.03787878787878
gameband,2.0,1034.0,9.0
gameland,70.81818181818181,9577.863636363636,103.63636363636364
gameloft,33.7,5042.133333333333,63.644444444444446
gamemode,20.5,1553.75,136.5
gameram,0.0,126.0,4.0
garage,25.06578947368421,2844.0789473684213,65.34210526315789
garnet,43.6,4175.0,44.2
gazelle,49.86666666666667,3282.633333333333,123.56666666666666
gbn,36.0,3070.0,45.0
gd,30.201058201058203,2334.5608465608466,167.4973544973545
gdo,510.0,21343.0,183.0
geekbrains,38.22222222222222,834.4444444444445,5.666666666666667
geeks,44.046875,3023.9375,122.28125
generalist,12.69767441860465,896.3023255813954,500.1162790697674
generations,31.725,3146.25,50.74166666666667
genesis,32.886722376973076,3687.2163416898793,175.50603528319405
genesys,12.666666666666666,2377.5,22.5
gett,22.0,797.0,14.5
gf,27.851190476190474,2238.6041666666665,233.03869047619048
gfi,15.666666666666666,10631.0,45.0
gfx,27.666666666666668,481.6666666666667,8.0
ghp,8.666666666666666,1024.6666666666667,48.333333333333336
giant,27.350383631713555,2539.1687979539643,180.98976982097187
gic,33.75,3988.0,43.0
gig,25.263157894736842,1942.3684210526317,71.63157894736842
gigant,29.0,3509.6666666666665,230.88888888888889
ginger,13.709677419354838,1346.3225806451612,120.2258064516129
gismart,11.181818181818182,1114.0,24.09090909090909
glance,25.666666666666668,2581.0,26.333333333333332
globus,196.0,24709.0,167.0
gloria,10.38,1424.78,175.8
glovo,104.4,4226.0,136.0
glp,8.0,92.0,9.0
gmoji,29.0,1802.0,5.0
gms,89.0,10197.0,68.0
goody,15.333333333333334,1125.6666666666667,232.16666666666666
google,36.99232456140351,3195.6937656641603,161.33302005012533
gor,96.22222222222223,7206.555555555556,61.22222222222222
goto,16.0,1091.5454545454545,42.0
grabr,20.0,2903.0,0.0
gradient,4.423076923076923,2146.9615384615386,151.30769230769232
graffity,3.0,377.5,28.0
grammarly,8.333333333333334,379.0,11.0
grapevine,9.0,574.0,24.0
graphite,13.166666666666666,1829.5,25.0
greenlight,36.88353413654618,4135.546184738956,156.6586345381526
grey,27.68075117370892,4941.075117370892,112.04225352112677
gsa,36.666666666666664,2483.5,27.333333333333332
gtc,96.6,5116.8,35.8
gtr,11.0,283.0,3.0
guru,36.45333333333333,3728.1866666666665,67.85333333333334
gvo,15.0,165.0,6.0
gxo,6.0,206.0,11.0
handsome,47.36190476190476,3948.6857142857143,229.28571428571428
hansa,9.0,8486.0,30.0
hardstyle,0.0,41.0,3.0
haters,14.8,436.95384615384614,27.584615384615386
headdy,16.6,1362.15,82.8
headhunter,9.545454545454545,867.9090909090909,37.0
heineken,30.5,24243.5,86.75
henderson,39.26315789473684,3577.7368421052633,116.39473684210526
henkel,9.0,252.0,10.0
herocraft,12.222222222222221,1565.7777777777778,34.0
heroes,35.50673400673401,3645.199074074074,219.10521885521885
hive,30.852941176470587,6660.911764705882,50.94117647058823
hoff,10.0,1187.0,13.333333333333334
homework,20.454545454545453,9853.727272727272,55.27272727272727
honey,26.103658536585368,2908.329268292683,160.140243902439
honeywell,23.333333333333332,2195.0,441.6666666666667
honor,38.70720299345182,3376.0280636108514,414.3143124415341
house,23.90971540726202,3808.590775269872,156.0215897939156
hr,26.416666666666668,2685.0,353.2546296296296
hrp,4.0,215.0,16.0
hrs,29.6,1543.4,355.6
hud,36.22857142857143,3925.1428571428573,99.14285714285714
hudson,26.39252336448598,2746.233644859813,751.3084112149533
humans,27.06228373702422,2843.584775086505,272.47404844290656
huntress,11.333333333333334,3431.0,33.333333333333336
hyperpc,117.0,3463.0,28.0
ibm,8.6,1301.6,44.3
ibs,21.0,2604.5,28.5
ibx,26.5,2136.5,67.5
iceberg,10.318181818181818,512.4090909090909,21.545454545454547
icg,23.272727272727273,4427.363636363636,30.272727272727273
icona,2.727272727272727,240.45454545454547,58.81818181818182
iconic,6.1,1017.8,178.7
icu,20.333333333333332,1278.6666666666667,89.33333333333333
ideals,9.0,2144.0,10.0
idm,4.5,114.5,6.5
ifs,11.5,128.5,7.5
igloo,14.0,658.0,20.0
ikea,20.761904761904763,2003.904761904762,211.23809523809524
iki,10.090909090909092,788.8181818181819,121.0909090909091
illuminator,2.2,297.0,37.0
iml,8.0,126.0,4.0
immergity,2.0,437.0,3.3333333333333335
immo,160.0,6849.0,88.0
imperivm,12.0,333.0,6.0
index,54.61538461538461,4196.7612732095495,145.78779840848807
infoshell,10.0,1202.0,3.0
initium,56.666666666666664,3002.0,155.0
integer,5.666666666666667,1937.0,34.333333333333336
integral,23.470588235294116,2385.176470588235,247.88235294117646
intel,53.719799498746866,4110.062656641604,137.09273182957392
interface,23.73404255319149,3086.425531914894,280.48936170212767
intermedia,43.0,8211.666666666666,128.0
interplay,30.989717223650384,3103.491002570694,429.5012853470437
interstep,149.0,19606.0,0.0
interview,21.21359223300971,4126.184466019417,200.4271844660194
ipg,27.0,1237.5,143.0
ips,37.0,1618.0,12.5
ipsos,102.0,3686.6666666666665,52.5
iqos,51.0,151.0,9.0
irbis,206.0,2567.0,6.0
irrational,21.625,2924.1388888888887,460.5138888888889
irs,29.0,4787.625,523.75
isd,0.6666666666666666,277.5,22.333333333333332
iskra,67.0,71836.0,58.0
it,24.71715755025713,2754.6699392239366,207.7461430575035
ita,49.42857142857143,3059.4285714285716,37.285714285714285
itd,116.5,3439.0,328.0
its,16.43243243243243,2417.9189189189187,109.25675675675676
ivers,17.0,369.0,18.0
ivi,66.57142857142857,7917.142857142857,76.80952380952381
iwl,1.0,2276.0,3.0
iwu,4.75,510.0,27.0
ixbt,11.777777777777779,513.4444444444445,73.22222222222223
izi,9.0,256.0,19.5
izx,12.666666666666666,140.66666666666666,7.0
jabra,39.375,3166.25,25.875
jeeves,6.0,389.0,6.0
jetbrains,18.0,1270.0,17.0
jis,5.5,134.0,7.0
joom,20.0,2588.8,520.2
jotun,19.38888888888889,2211.0555555555557,38.888888888888886
jtc,13.419354838709678,1362.1827956989248,36.053763440860216
juno,25.852941176470587,1464.4411764705883,264.20588235294116
junto,4.0,197.0,7.0
just,35.680701754385964,3039.1991228070174,151.44298245614036
justmoby,7.653846153846154,789.4615384615385,937.0
kaboom,24.2,2888.6,153.0
kafka,22.047619047619047,1555.6190476190477,36.142857142857146
kaiten,28.75,2456.5,90.75
kari,54.0,5933.5,81.5
kato,2.0,2152.0,61.0
kax,15.0,165.0,6.0
kaz,22.72,6924.64,190.92
kdl,3.0,214.0,11.0
kearney,0.0,29.0,2.0
kefir,8.26923076923077,1572.3461538461538,25.0
kind,21.38095238095238,2332.4880952380954,152.41666666666666
kitana,5.0,317.0,25.0
kite,52.13333333333333,6693.066666666667,75.2
kode,30.25,2752.0,39.75
kofax,1.0,65.0,10.0
kolibri,7.333333333333333,666.3333333333334,9.0
kosmos,6.666666666666667,3104.6666666666665,42.333333333333336
kown,102.0,14704.5,113.0
kpn,4.428571428571429,299.14285714285717,81.28571428571429
kr,30.02238805970149,2908.1753731343283,279.17537313432837
krivorukoff,0.0,4691.0,13.0
krypton,37.8,4214.6,44.6
ks,31.670682730923694,3443.4698795180725,403.6385542168675
kudos,24.58823529411765,8821.823529411764,79.29411764705883
kuflex,1.0,100.0,5.0
kwork,42.77777777777778,1230.7777777777778,368.1111111111111
kws,134.0,18779.5,106.0
kyrios,12.0,428.0,26.0
labs,35.69145569620253,3048.8227848101264,384.9810126582278
lacoste,251.0,5752.0,67.0
lad,19.783783783783782,2105.7567567567567,307.2972972972973
lambda,20.38095238095238,2211.5238095238096,78.9047619047619
lambo,0.0,11.0,1.0
lamoda,9.0,2563.5,14.5
lar,60.1,3441.6,181.6
ld,18.03903903903904,1943.3633633633633,180.3003003003003
leads,12.628571428571428,1321.7714285714285,137.14285714285714
legacy,41.22710068130204,3385.972747918244,183.56320968962908
legionfarm,0.0,2269.3333333333335,0.0
lemon,55.860759493670884,3385.0379746835442,170.45569620253164
level,25.52659574468085,3100.3271276595747,658.3045212765958
levin,37.90909090909091,1442.6363636363637,27.727272727272727
levsha,6.0,527.0588235294117,95.41176470588235
ley,23.0,1318.6666666666667,25.0
life,37.34448932487017,3616.5747259088284,266.2646662819773
lifecoach,15.0,5422.666666666667,29.0
lifestream,3.0,1268.8333333333333,40.833333333333336
light,34.115716753022454,3362.1200345423144,151.8082901554404
lighthouse,15.88888888888889,1930.5740740740741,191.55555555555554
lightmap,30.384615384615383,2688.0,101.61538461538461
liked,52.0,2948.6,100.0
limitless,47.25,6006.75,74.25
linc,10.5,526.25,32.25
linen,24.0,2786.5,41.5
lingualeo,71.0,1207.5,43.0
link,35.47457627118644,3177.251059322034,240.58156779661016
living,20.994505494505493,2983.0934065934066,157.44505494505495
lnd,3.0,1464.0,10.0
lo,33.549115913555994,2487.5952848722986,145.13163064833006
lobster,25.6875,2333.6875,87.25
loft,67.25,1728.0,29.0
logomotiv,2.0,905.0,6.0
london,34.9585798816568,3616.976331360947,120.45266272189349
luka,11.761904761904763,640.5238095238095,132.71428571428572
lumin,42.0,5142.0,47.0
luna,38.07053941908714,2968.6182572614107,218.5643153526971
m7,26.480446927374302,2444.8659217877093,269.24581005586595
macro,40.51724137931034,2895.7241379310344,104.72413793103448
magento,2.0,696.0,19.0
magic,31.47556142668428,3534.0880669308676,192.45398502862176
magical,21.446043165467625,2921.8129496402876,114.84172661870504
magma,12.827586206896552,3212.2413793103447,189.68965517241378
mail,37.10413694721826,3768.9243937232527,113.4564907275321
mail.ru,32.78947368421053,4168.413533834587,102.50751879699249
malevich,12.137931034482758,138.86206896551724,97.65517241379311
mandarin,61.5,18604.5,141.5
manna,18.5,1289.5,124.0
mantra,5.583333333333333,360.0833333333333,19.666666666666668
mapbox,2.0,153.0,44.77777777777778
maria,14.943548387096774,2238.7096774193546,100.95161290322581
marilyn,15.945945945945946,1920.945945945946,182.3783783783784
marins,8.0,1206.0,21.0
mark,30.68782383419689,3325.777202072539,215.66062176165804
marketplace,19.286666666666665,2431.36,139.91333333333333
mars,26.744094488188978,2777.781496062992,133.31299212598427
mash,51.09803921568628,4890.843137254902,95.58823529411765
masters,25.040114613180517,3100.2378223495703,120.45845272206304
mauris,42.0,2756.3333333333335,51.333333333333336
maverick,37.111111111111114,3347.925925925926,75.42592592592592
max,47.853923431984796,3228.221830029867,222.97393429269619
maxima,26.7,3902.0,63.4
maximal,6.0,392.0,2.0
mdb,88.625,4883.25,135.25
mechanica,26.25,8554.5,120.0
mechanism,32.642857142857146,2292.714285714286,136.85714285714286
mediamarkt,52.75,1239.5,45.625
mediascope,94.85714285714286,6617.142857142857,52.285714285714285
mediasign,66.25,8543.5,68.5
medici,26.5,7471.0,84.5
mef,17.0,2832.2,30.4
megalabs,153.0,5537.0,79.0
merlion,33.526315789473685,2165.315789473684,727.1052631578947
metamask,29.0,1642.0,14.0
metrica,4.571428571428571,809.8571428571429,20.0
metro,70.69256987048398,5421.344239945467,248.72392638036808
mfs,33.0,1208.4444444444443,196.33333333333334
mft,10.333333333333334,204.0,8.333333333333334
mgla,98.0,9591.5,56.0
mgp,12.0,952.0,4.0
michelin,7.970588235294118,914.9411764705883,41.970588235294116
microsoft,57.26410304625799,3756.8622602482137,242.8672433245581
mind,31.3454157782516,2709.8763326226012,101.76972281449893
mindbox,5.0,442.8333333333333,21.666666666666668
minimum,83.24,8632.56,57.84
mip,18.666666666666668,5181.428571428572,388.14285714285717
mips,28.0,1912.0,69.66666666666667
miro,8.933333333333334,1109.8933333333334,55.013333333333335
mish,19.772727272727273,1523.6818181818182,27.09090909090909
mobalytics,3.75,3681.0,17.75
mobility,46.333333333333336,3708.777777777778,189.92592592592592
mobio,0.0,3734.0,9.0
mobirate,15.0,3942.0,34.0
mock,8.666666666666666,509.6666666666667,15.0
mod,24.53195164075993,3370.53195164076,193.57858376511226
moebius,18.529411764705884,1466.2941176470588,276.4117647058824
mojo,30.71186440677966,3527.6610169491523,75.0677966101695
mono,17.3031914893617,1967.223404255319,173.8404255319149
mons,31.25,2856.0,188.0
mont,95.0,5408.4,39.0
moonmana,15.608695652173912,857.2608695652174,994.9565217391304
mortgage,2.5,125.0,7.0
most,36.97329376854599,3968.7032640949556,122.99406528189911
motorola,48.660377358490564,5629.792452830188,94.84905660377359
movavi,47.0,2069.0,103.0
mover,21.333333333333332,2633.0,27.0
mpp,11.5,128.5,7.5
msn,15.0,165.0,6.0
mst,39.18181818181818,2616.090909090909,253.36363636363637
mti,13.5,1029.0,22.25
mtl,1.6666666666666667,264.5,20.166666666666668
mundfish,78.28571428571429,5310.681818181818,259.03246753246754
mvs,19.166666666666668,2997.5,47.5
mybook,0.6,21.8,1.6
mytona,3.2222222222222223,400.0,45.44444444444444
na,22.797556719022687,2938.6858638743456,159.34904013961605
naive,0.0,71.0,3.0
nda,15.3,1498.9,33.6
neon,30.035260930888576,3184.9337094499297,151.47531734837798
neos,19.727272727272727,1016.5454545454545,412.0
ness,28.454545454545453,3783.3636363636365,142.45454545454547
nester,34.333333333333336,8400.333333333334,174.66666666666666
network,37.19668246445497,3968.2689573459716,156.61255924170615
neurocore,92.0,5775.0,30.0
neurohive,5.0,872.5,22.5
neuron,21.4,2923.0666666666666,18.733333333333334
nevosoft,9.58974358974359,2284.5384615384614,26.307692307692307
nexoft,0.0,227.0,18.0
nexters,23.8,2991.714285714286,38.48571428571429
nexus,38.76278409090909,3741.052556818182,159.8153409090909
nfq,107.4,3641.0,80.6
ngc,5.5,390.0,13.5
ngm,16.0,1994.75,35.0
nike,32.07874015748032,3206.1417322834645,265.6456692913386
nils,3.5,499.5,13.0
nival,36.95897435897436,4980.994871794872,130.5948717948718
nlo,55.0,3877.5,69.5
nng,7.5,340.25,25.0
nns,15.0,3734.0,106.0
noname,77.0,10123.333333333334,197.66666666666666
none,23.11764705882353,2158.294117647059,35.23529411764706
nordavind,6.25,179.25,9.0
notiontheory,0.0,333.0,0.0
nous,22.0,1435.0,40.0
nova,18.589861751152075,3826.820276497696,160.93087557603687
novakid,2.0,146.0,0.0
novex,173.0,15338.0,50.0
npm,4.0,992.4545454545455,90.27272727272727
nq,19.141025641025642,2456.688034188034,362.9017094017094
nta,21.6,606.4,24.0
nurr,8.0,92.0,9.0
nut,27.666666666666668,1897.8055555555557,124.08333333333333
nvidia,64.78918918918919,5104.863320463321,174.03783783783783
oasis,32.85,3378.758333333333,115.3
obi,31.47826086956522,3153.3478260869565,273.1304347826087
occipital,14.0,1680.0,86.0
oceanview,43.333333333333336,7026.0,185.66666666666666
octabrain,161.0,1532.0,26.0
odin,27.904761904761905,3519.5,190.3095238095238
ois,11.2,843.8,18.4
okko,69.49655172413793,5100.0344827586205,155.6206896551724
oktopost,78.0,10586.0,54.0
olive,18.96875,1792.34375,168.1875
omi,6.0,231.5,11.5
omnic,33.0,6942.0,36.5
onder,441.0,8023.0,29.0
only,28.69279661016949,3188.023305084746,435.15042372881356
onmoon,44.0,12286.0,80.0
ony,2.0,434.0,17.0
oot,10.61111111111111,1148.6666666666667,236.16666666666666
optio,4.0,1706.0,20.0
oracle,14.327188940092165,1750.8202764976959,777.9953917050691
orbis,64.11111111111111,3723.777777777778,71.55555555555556
orca,35.416666666666664,3982.0,44.5
organic,13.403846153846153,1655.826923076923,657.7884615384615
orm,8.0,92.0,9.0
orwell,34.53225806451613,2400.516129032258,126.98387096774194
outline,22.470588235294116,1927.3529411764705,199.26470588235293
outside,26.454545454545453,2233.7727272727275,47.34090909090909
overlap,86.0,3427.5,50.0
owox,0.0,93.0,4.0
oxygen,35.19626168224299,2902.588785046729,177.65420560747663
oyster,14.222222222222221,2499.6111111111113,204.55555555555554
ozon,72.44,5235.213333333333,251.88
pact,11.285714285714286,3708.8571428571427,41.357142857142854
panasonic,30.6340206185567,4720.984536082474,388.5257731958763
pandy,69.4,3912.4,64.2
panorama,21.029411764705884,2686.970588235294,336.0882352941176
papaya,8.26530612244898,939.5714285714286,12.183673469387756
papyrus,52.8,19056.5,78.2
paradox,32.96739130434783,3980.4021739130435,172.098814229249
parallels,92.53846153846153,6032.538461538462,98.76923076923077
parimatch,17.0,918.8333333333334,9.166666666666666
parkside,116.0,15318.5,142.5
particle,9.476923076923077,1983.876923076923,193.66153846153847
partner,71.42857142857143,7481.428571428572,62.535714285714285
passenger,6.5,565.875,17.5
patriot,48.56410256410256,3208.3846153846152,59.84615384615385
patron,17.115384615384617,1358.0,221.57692307692307
pattern,15.575757575757576,2467.878787878788,105.57575757575758
pax,31.4,3335.95,70.55
paxful,37.22222222222222,2784.0,745.0
payoneer,4.333333333333333,155.0,6.666666666666667
peach,23.347826086956523,2575.021739130435,75.30434782608695
people,28.428341384863124,2776.463768115942,134.4718196457327
persis,1.0,103.0,6.0
person,24.50625,2391.8,303.46875
petcube,150.0,12693.25,38.25
phenom,49.27777777777778,2825.5555555555557,75.44444444444444
philax,139.0,5194.0,133.0
philips,49.804054054054056,5016.006756756757,104.87162162162163
phobos,17.428571428571427,2892.6666666666665,147.0952380952381
piano,13.019607843137255,1284.2156862745098,38.627450980392155
piligrim,8.333333333333334,525.6666666666666,15.0
pin,11.017241379310345,1469.5344827586207,262.58620689655174
pina,4.5,733.5,15.0
pineapple,59.5,5566.5,78.8
pinkman,52.5,22748.0,211.5
pixies,26.94871794871795,2289.3846153846152,126.46153846153847
pixonic,13.389830508474576,2065.3254237288133,30.694915254237287
placid,47.0,23385.0,167.0
plaify,13.0,1773.0,15.0
plamee,9.0,1831.25,11.25
planar,4.533333333333333,1149.2666666666667,370.1333333333333
plarin,2.0,1083.0,9.0
plarium,16.57843137254902,3503.0882352941176,30.862745098039216
platform,39.75217391304348,3983.4217391304346,167.06521739130434
platina,8.0,649.0,35.0
platinum,48.380116959064324,4369.089181286549,219.5233918128655
platonic,2.6666666666666665,226.66666666666666,14.666666666666666
players,23.22772277227723,2029.079207920792,54.584158415841586
playflock,2.25,10911.25,26.0
playgendary,17.83969465648855,2529.1679389312976,50.916030534351144
playkey,38.0,3655.46875,38.8125
playkot,12.228571428571428,2482.3714285714286,23.942857142857143
playliner,42.8,5913.6,37.4
playrix,20.695121951219512,2587.893292682927,34.78353658536585
playtech,6.444444444444445,452.55555555555554,22.22222222222222
playtika,10.75,1073.625,21.125
playtime,82.41666666666667,4714.75,166.66666666666666
playtox,0.0,489.0,7.5
plf,47.18181818181818,4368.090909090909,46.63636363636363
plus,42.625166444740344,3061.0795605858857,212.89647137150467
polaris,34.309859154929576,4144.845070422535,232.3943661971831
pops,10.923076923076923,5828.846153846154,135.6153846153846
porta,90.77777777777777,3437.5555555555557,58.44444444444444
potok,4.0,201.0,20.0
pow,63.0,3298.0,79.83333333333333
pq,24.078048780487805,5691.89756097561,137.8439024390244
pr+,15.0,165.0,6.0
prime,37.723333333333336,3737.8875,143.07333333333332
producer,10.325203252032521,1836.8048780487804,30.634146341463413
profession,5.7272727272727275,552.8181818181819,209.63636363636363
profit,45.63333333333333,4234.966666666666,239.05
progress,18.84931506849315,2286.068493150685,122.35616438356165
progrestar,10.333333333333334,11645.333333333334,27.333333333333332
promo,15.5,1760.9166666666667,126.88888888888889
promobot,23.5,1563.0,22.0
promotion,51.75,6809.916666666667,30.416666666666668
promt,105.0,4853.0,46.0
prototypes,17.333333333333332,334.3333333333333,44.666666666666664
proxy,42.26229508196721,5354.060109289618,326.7158469945355
pruffi,0.0,7358.0,16.0
psr,4.0,371.0,14.0
publicis,31.0,17670.5,37.5
pulsar,33.25,2534.5,20.5
pump,22.49019607843137,2183.4313725490197,277.4901960784314
purple,16.6318407960199,2149.089552238806,680.7114427860696
pushkin,1.3333333333333333,632.3333333333334,12.166666666666666
pvg,8.0,92.0,9.0
pwc,7.714285714285714,620.8571428571429,31.428571428571427
pxl,34.6,4450.0,781.3
qb,16.186363636363637,3302.1363636363635,221.4409090909091
qbf,41.55555555555556,3545.5555555555557,129.11111111111111
qik,59.0,4980.0,129.0
qiwi,52.18518518518518,7064.740740740741,55.81481481481482
qlang,1.0,64.0,2.0
qlik,8.666666666666666,867.3333333333334,78.66666666666667
qq,19.285714285714285,1994.8455598455598,379.6100386100386
qs,26.101045296167246,3828.836236933798,192.4738675958188
qtl,51.666666666666664,3360.3333333333335,47.666666666666664
quadrium,5.0,702.0,53.63636363636363
qwe,8.285714285714286,595.4285714285714,29.0
qwerty,28.0,1912.0,69.66666666666667
radar,59.200873362445414,5021.174672489083,183.292576419214
radico,4.0,155.5,34.0
raison,6.0,416.0,20.0
raketa,14.615384615384615,2968.4615384615386,3.8461538461538463
rarible,32.30769230769231,12626.307692307691,165.30769230769232
rasa,76.3076923076923,6668.076923076923,46.0
ratio,32.0,6339.1,42.0
raw,18.099656357388316,2112.0,144.43298969072166
rbm,14.0,1113.25,21.25
rbs,2.5,221.5,17.25
react,18.557692307692307,1843.8461538461538,93.23076923076923
reactive,19.43243243243243,1781.5945945945946,293.5945945945946
ready,38.88636363636363,3394.859090909091,168.96363636363637
real,29.1218487394958,4261.405462184874,118.5609243697479
realist,9.2,662.8,31.9
realize,17.2,3804.1,75.6
realtor,90.0,2709.0,97.0
reboot,34.593023255813954,3110.1511627906975,156.2325581395349
reco,7.6,2261.8,73.4
redbox,2.0,528.0,13.0
reddit,55.84070570186653,5864.185118895423,229.23574533367426
redefine,42.0,13536.0,41.0
redis,5.333333333333333,1574.5833333333333,4.666666666666667
redline,31.47945205479452,3376.6027397260273,168.8904109589041
redmond,10.0,401.0,11.0
reform,9.722222222222221,770.2777777777778,194.05555555555554
refresh,44.03846153846154,4258.923076923077,97.42307692307692
reg.ru,294.6666666666667,34260.666666666664,331.3333333333333
regency,46.095238095238095,5203.619047619048,118.14285714285714
reine,4.111111111111111,88.22222222222223,18.88888888888889
rejoice,24.25,1959.75,42.75
remember,39.93774319066148,4268.474708171207,191.09727626459144
renewal,25.714285714285715,2285.904761904762,38.23809523809524
rep,5.333333333333333,1370.6666666666667,44.666666666666664
republic,35.33730834752981,3184.896933560477,256.04855195911415
res,48.46511627906977,3707.953488372093,86.18604651162791
revolut,4.5,211.5,6.5
rework,3.0,2001.5,33.0
rgb,30.27777777777778,2783.3333333333335,480.94444444444446
riders,33.06190476190476,2960.285714285714,188.32380952380953
rise,32.76712328767123,3123.5540334855405,217.25342465753425
rita,10.416666666666666,946.6111111111111,133.75
rkr,13.2,1791.4666666666667,54.733333333333334
roamer,25.333333333333332,3489.3333333333335,25.333333333333332
robokassa,32.0,221.0,18.0
robotics,24.628865979381445,3028.494845360825,99.11340206185567
rose,28.17721518987342,4070.8481012658226,129.626582278481
round,19.28099173553719,2147.4545454545455,78.27272727272727
rozaliya,0.5,36.166666666666664,23.5
rps,99.0,5288.0,29.0
rpv,11.5,870.0,7.5
rsd,11.75,3152.75,48.0
rt,34.13793103448276,3571.905172413793,267.3189655172414
rubius,7.0,1343.5,34.0
rukuku,185.0,14792.0,264.0
rusbase,55.0,9656.0,28.5
rusprofile,107.0,7171.0,57.0
rutube,80.6875,4751.5625,100.125
rvi,12.058823529411764,1548.0882352941176,818.2058823529412
safer,72.83333333333333,2122.0,29.5
sandbox,16.119266055045873,1628.0825688073394,332.1284403669725
sap,8.6,774.0,59.6
savage,32.08695652173913,3268.353260869565,104.30978260869566
sbercloud,54.0,9335.0,28.0
scarlett,67.64485981308411,3827.570093457944,565.1588785046729
schlumberger,1.5,799.0,14.0
screeps,3.5,430.625,67.375
sd,23.380655226209047,2663.13728549142,130.7285491419657
sei,26.92207792207792,1792.5194805194806,180.1818181818182
sela,16.5,4761.5,55.5
selectel,23.3,1241.2666666666667,66.2
selector,7.333333333333333,1426.3333333333333,54.0
self,18.528735632183906,1778.9885057471265,151.36206896551724
senso,3.0,1971.0,11.0
serenity,16.27659574468085,2472.978723404255,161.4255319148936
sevens,24.6,3634.4,67.4
sf,28.112068965517242,2814.5172413793102,276.67672413793105
sf7,6.571428571428571,329.42857142857144,31.571428571428573
shell,41.38785046728972,4874.613707165109,146.2601246105919
shiba,12.142857142857142,608.0,28.857142857142858
shogo,66.9,4231.5,152.9
shopfans,46.5,3468.0,22.5
shore,47.416666666666664,3649.574074074074,177.60185185185185
showcase,33.609254498714655,1986.1748071979434,238.7814910025707
siberian,11.953488372093023,1479.3953488372092,124.04651162790698
siemens,38.142857142857146,8436.047619047618,161.45238095238096
signal,21.53551912568306,1909.4371584699454,124.48087431693989
sigur,21.414634146341463,2511.512195121951,121.36585365853658
simple,13.23076923076923,1498.0288461538462,119.85576923076923
simply,47.5,4987.357142857143,121.57142857142857
sindbad,66.6,1473.2,223.8
sistema,14.785714285714286,3767.0,29.785714285714285
sk,23.921985815602838,2776.4609929078015,312.3581560283688
skill,47.34285714285714,5373.697142857143,118.72
skillbox,13.241935483870968,770.5967741935484,31.322580645161292
skillfactory,6.0,903.0,2.0
skillup,76.0,3008.0,64.0
skycoin,8.0,2137.818181818182,101.0909090909091
skyeng,10.857142857142858,1592.7142857142858,97.14285714285714
skyline,32.52777777777778,1999.2222222222222,54.69444444444444
skynet,30.866666666666667,1918.6,429.26666666666665
slackware,54.5,4796.5,137.0
slang,5.333333333333333,543.6666666666666,150.88888888888889
slemma,158.5,9207.5,116.5
slon,0.0,45.0,5.0
sm,26.46303501945525,3719.2373540856033,147.71984435797665
sm2,14.555555555555555,978.4444444444445,55.77777777777778
smart,59.33518518518518,4163.118518518519,202.76666666666668
smartcat,30.5,1899.0,31.75
smarter,5.314285714285714,1130.6,539.3142857142857
so1,7.0,1036.0,22.0
socialist,0.0,643.0,5.0
soda,22.625,2890.2291666666665,51.458333333333336
sofia,29.451612903225808,2594.483870967742,138.1290322580645
softclub,281.0,24249.0,220.0
softline,43.0,10612.0,158.0
soho,18.133333333333333,2412.5333333333333,87.86666666666666
soj,18.25,1117.0,194.25
sokolov,4.166666666666667,1132.1666666666667,81.16666666666667
sorted,6.0,1817.0,47.0
southbridge,29.666666666666668,2622.3333333333335,130.0
soylent,12.25,1336.5,60.0
spark,21.005494505494507,2282.3406593406594,478.2307692307692
spent,92.0,7173.0,56.0
sperasoft,23.5,3098.4285714285716,47.142857142857146
sphere,27.56774193548387,2755.4645161290323,148.11612903225807
spl,9.333333333333334,773.3333333333334,13.333333333333334
splitmetrics,12.0,3703.6666666666665,26.333333333333332
spotify,19.271844660194176,1385.9333051920642,131.38834951456312
srg,13.5,721.5,34.25
stark,22.2,6137.711111111111,244.37777777777777
starladder,38.68181818181818,2174.181818181818,25.136363636363637
starline,13.5,1448.5,71.25
start,26.208211143695014,3147.2258064516127,104.94134897360703
stealth,28.288888888888888,3691.4148148148147,68.94074074074074
step,21.73170731707317,2298.1951219512193,81.2560975609756
stepik,23.0,1722.75,92.375
stream,39.734042553191486,4341.101063829788,79.36702127659575
streamlabs,35.0625,2319.6875,114.9375
strider,18.82857142857143,2191.7571428571428,479.5
subdivision,4.55,2099.425,283.625
sunlight,26.321428571428573,6817.75,53.964285714285715
supercharged,71.0,7478.0,36.0
superjob,21.0,4022.0,20.0
surf,29.46875,1658.71875,48.53125
svetlov,14.333333333333334,1596.4,261.1333333333333
svm,12.5,1193.0,8.5
swip,8.0,92.0,9.0
sws,88.33333333333333,3934.0,66.5
symantec,13.0,6343.0,21.0
synaps,15.0,1879.0,34.0
synapse,35.8936170212766,2881.063829787234,188.2127659574468
synergy,14.533333333333333,1545.4,47.13333333333333
synesthesia,53.0,1909.5,55.5
syntacore,502.0,13756.0,159.0
synthesis,40.55555555555556,3045.3333333333335,57.22222222222222
syrup,42.75,3051.0,46.75
tabletopia,6.428571428571429,1060.357142857143,104.71428571428571
tandem,10.027777777777779,1184.7222222222222,179.5
tark,8.0,1742.0,16.0
taurus,25.84,1777.92,65.96
tcase,30.0,95.0,12.0
tcc,7.0,209.0,5.0
tech,37.75636942675159,3175.0063694267515,133.2484076433121
techno,17.81188118811881,1236.1287128712872,118.38613861386139
tel,19.0,2254.4545454545455,34.45454545454545
tele2,8.0,89.0,1.0
teleport,26.666666666666668,2521.8333333333335,39.333333333333336
teletype,14.666666666666666,1789.6666666666667,23.0
teo,6.3125,188.4375,54.625
termius,95.0,21512.0,65.0
terra,18.887417218543046,2214.201986754967,331.4006622516556
teslasuit,78.0,10233.0,154.0
tesseract,26.75,3246.75,15.875
test,28.28668171557562,2784.880361173815,286.4943566591422
texel,22.0,5295.944444444444,170.38888888888889
textura,5.0,420.5,53.5
tfx,3.6666666666666665,386.6666666666667,19.666666666666668
tg,26.45090909090909,2125.9963636363636,117.30545454545455
tiger,32.731988472622476,3059.0547550432275,209.32564841498558
tiktok,19.333333333333332,480.0,13.0
tim,51.925925925925924,3713.1574074074074,150.69444444444446
time,30.436305732484076,3362.245576786978,193.13694267515925
timeless,26.217391304347824,3608.391304347826,35.43478260869565
timezero,46.5,1031.0,15.5
tinkoff,73.2,20419.0,72.2
titan,31.372980910425845,2966.0543318649047,157.4302496328928
tj,34.7324414715719,2521.759197324415,177.92307692307693
tobe,46.666666666666664,5450.166666666667,464.3333333333333
top,23.410161090458487,3071.8525402726145,147.56877323420073
toptal,42.77777777777778,1230.7777777777778,368.1111111111111
trace,20.238095238095237,3118.0714285714284,57.11904761904762
transcrypt,8.5,2375.5,50.5
transferwise,140.0,15419.0,218.0
translation,10.695652173913043,1816.463768115942,122.6231884057971
tripster,34.666666666666664,2116.6666666666665,49.333333333333336
trucker,18.0,1933.875,34.875
tsar,52.5,6767.5,45.5
ttg,13.6,1567.6,43.2
turtle,46.483870967741936,4265.096774193548,122.0725806451613
tvp,17.666666666666668,3031.6666666666665,30.666666666666668
tvzavr,39.5,2516.0,34.5
twin,19.61777777777778,2805.5496296296296,340.6562962962963
u6,27.707142857142856,2138.6428571428573,285.6928571428571
uap,6.7936507936507935,922.6349206349206,1822.5238095238096
uber,68.87755102040816,6669.326530612245,138.1530612244898
ubisoft,52.47870036101083,4053.51155234657,169.4303249097473
ufi,23.6,3790.4,207.2
umc,52.666666666666664,4489.0,28.666666666666668
undefined,5.333333333333333,444.3333333333333,13.666666666666666
unet,2.0,481.0,41.0
unf,30.5,1140.0,6.5
unfrozen,34.54545454545455,1656.7272727272727,57.54545454545455
unicorn,31.991150442477878,3533.6814159292035,125.84070796460178
unigine,26.438356164383563,4586.835616438356,96.91780821917808
unilever,41.0,2226.3333333333335,65.66666666666667
union,30.09259259259259,2684.08024691358,560.858024691358
uniqlo,27.363636363636363,4658.727272727273,252.45454545454547
unit,23.370967741935484,3093.7903225806454,161.0268817204301
units,65.27777777777777,6431.222222222223,50.666666666666664
unity,21.821791538643346,2283.6102576223116,132.12408414086505
unknown,39.79338842975206,4228.899449035813,106.38567493112947
unnyhog,8.0,366.0,22.0
uny,8.0,92.0,9.0
upgrade,27.365079365079364,3993.0476190476193,85.04761904761905
ups,6.625,919.125,256.0416666666667
upside,20.076923076923077,1688.1923076923076,245.92307692307693
upwork,33.0,1054.3076923076924,261.0
urent,16.166666666666668,729.6666666666666,30.833333333333332
urf,8.0,92.0,9.0
ust,36.9,1441.1,258.6
utl,2.6,93.4,22.7
utopia,22.6,4111.04,37.94
uts,8.0,121.0,5.0
v7,21.091269841269842,2017.4404761904761,242.9206349206349
valve,56.0702333773668,4839.426243945399,254.77278731836196
varazze,6.0,116.0,3.0
varwin,0.5,126.0,0.0
vc,23.876543209876544,2216.695473251029,344.2921810699589
vc.ru,44.166666666666664,1183.3333333333333,41.5
vcv,19.833333333333332,1496.5,6.333333333333333
velvet,28.804195804195803,2152.951048951049,95.81118881118881
ventur,2.75,1164.75,8.5
versus.legal,0.0,307.5,35.5
verto,0.5,151.0,2.5
vesta,13.636363636363637,13016.0,62.0
vi,28.261682242990656,2501.3570093457943,122.95140186915887
victorious,45.8,4519.8,83.6
vika,7.0,5421.333333333333,21.0
visuals,15.2,1880.8,22.0
vital,8.5,216.5,30.75
viv,39.0,2922.0,70.25
vk,14.082405345211582,1501.1024498886413,172.61692650334075
volka,6.0,2202.0,12.0
volo,56.69230769230769,4610.846153846154,376.15384615384613
volt,40.73076923076923,1972.8076923076924,100.65384615384616
voximplant,6.0,7437.0,78.0
vrm,11.5,1448.1666666666667,36.166666666666664
vroom,19.0,3180.0,49.857142857142854
vs,24.04953560371517,2695.216718266254,194.8513931888545
wakie,13.5,3678.0,18.0
wanna,26.238805970149254,2012.597014925373,152.65671641791045
want,17.630573248407643,2866.248407643312,101.54777070063695
wanted.,2.0,553.3333333333334,44.333333333333336
wargaming.net,12.0,2270.0,51.0
wasd,7.8,323.6,8.8
watchers,28.714285714285715,3095.25,188.64285714285714
waterproof,5.0,989.0,13.0
wattson,38.5,7454.5,83.0
waves,18.970149253731343,2408.8805970149256,112.43283582089552
wd,27.082706766917294,2221.46992481203,252.6954887218045
wdi,47.0,13380.666666666666,88.33333333333333
weable,15.0,389.0,3.0
weber,34.875,3931.3125,138.25
webinar,13.6,3231.6,49.8
webmoney,40.142857142857146,3786.0,233.8095238095238
websoft,0.0,123.0,1.0
webway,53.0,2737.0,55.0
weekend,28.38738738738739,3373.810810810811,99.8108108108108
wellness,8.0,274.6666666666667,6.0
wells,42.91304347826087,3473.0434782608695,67.08695652173913
westland,11.666666666666666,2105.8333333333335,36.166666666666664
wheely,8.0,7792.0,11.0
whisk,0.0,8.0,1.0
whitebox,39.5,3519.0,137.5
whoosh,16.166666666666668,729.6666666666666,30.833333333333332
wildberries,109.51923076923077,3602.769230769231,172.98076923076923
windy,23.076923076923077,2728.3846153846152,40.53846153846154
wings,31.856687898089174,3232.1019108280257,192.0859872611465
winstrike,18.41304347826087,1802.2826086956522,20.130434782608695
wise,125.91769547325103,1397.2633744855966,220.54732510288065
wnm.digital,0.0,312.0,1.0
woke,2.0,499.0,6.5
wonder,20.15989159891599,2472.8861788617887,169.3008130081301
woo,23.98181818181818,1563.2727272727273,305.8
workspace,36.7,2911.5,62.9
world,38.06540629403476,3773.1261155472052,187.2502348520432
wow,41.09090909090909,2357.181818181818,38.47727272727273
wq,17.08627450980392,1945.349019607843,184.01176470588234
wrigley,56.666666666666664,5524.333333333333,53.0
wrike,10.0,929.0,21.0
wyle,15.0,1018.0,17.0
xander,4.333333333333333,999.3333333333334,14.0
xc,22.491803278688526,2170.313524590164,114.62090163934427
xerox,28.147058823529413,2077.985294117647,574.9411764705883
xlab,3.0,5469.0,18.0
xled,15.0,165.0,6.0
xpower,18.0,853.0,27.0
xsolla,28.975609756097562,3019.9451219512193,306.9634146341463
xup,37.0,902.5,21.5
xxx,7.444444444444445,315.6666666666667,15.666666666666666
yadro,171.66666666666666,4710.333333333333,57.666666666666664
yard,17.80952380952381,2546.3809523809523,57.904761904761905
yclients,2.0,127.0,9.0
yellow,22.90963855421687,2604.644578313253,132.54819277108433
yota,47.51111111111111,4346.533333333334,163.73333333333332
yukon,8.428571428571429,1301.142857142857,38.57142857142857
z1,26.868512110726645,3409.2076124567475,198.12110726643598
zara,112.55555555555556,5589.333333333333,258.3333333333333
zengalt,0.0,342.6666666666667,2.6666666666666665
zeptolab,18.606060606060606,4120.878787878788,28.333333333333332
zillion,29.363636363636363,1148.5454545454545,13.545454545454545
zimad,16.0,2718.0,34.0
zoom,31.744769874476987,3016.7196652719667,159.79916317991632
zorka.mobi,6.0,718.3333333333334,13.0
zyxel,41.5,715.0,3.5
,11.5,4747.5,20.5
1,29.03061224489796,2500.8061224489797,563.765306122449
3,29.974358974358974,4229.333333333333,270.6666666666667
,65.33333333333333,173.0,11.0
,7.0,213.5,7.0
,28.305882352941175,5549.84705882353,102.74117647058823
,47.11815561959654,3270.780979827089,144.0172910662824
,27.559808612440193,3028.8612440191387,548.311004784689
,36.486486486486484,2374.6486486486488,337.6216216216216
,36.0,2527.8333333333335,28.166666666666668
,0.0,73.0,3.0
,41.77777777777778,4234.0,87.11111111111111
,110.0,5815.0,127.0
,24.80757097791798,2979.5362776025236,153.20820189274448
,16.571428571428573,625.1428571428571,33.57142857142857
,130.33333333333334,7242.666666666667,170.66666666666666
,57.42857142857143,5348.428571428572,84.0
,18.95,3727.5,154.85
,18.833333333333332,1619.8333333333333,118.45833333333333
,43.04188481675393,5303.468586387435,112.46073298429319
,62.53164556962025,5419.46835443038,214.55696202531647
,20.285714285714285,1803.2857142857142,162.28571428571428
,39.26086956521739,4376.304347826087,161.82608695652175
,8.0,55.0,4.0
,28.4,13559.9,109.5
,18.22680412371134,2575.9484536082473,366.319587628866
,36.79831932773109,4049.453781512605,165.7941176470588
,27.520833333333332,3587.0885416666665,141.32291666666666
,6.8,588.4,13.6
,21.733333333333334,3022.84,335.16
,47.113207547169814,1641.7735849056603,230.43396226415095
,209.0,17851.0,227.0
,22.711111111111112,1982.4444444444443,1097.8444444444444
,11.5,1648.0,68.0
,29.103448275862068,2430.9172413793103,605.8206896551724
,34.858823529411765,4372.329411764706,609.9823529411765
,27.862629246676516,2965.519940915805,205.8493353028065
,8.6,543.8,57.2
,33.19,3583.53,778.475
,0.0,24.0,1.5
,17.0,2353.6,35.6
,14.666666666666666,588.6666666666666,17.0
,21.833333333333332,4727.333333333333,182.33333333333334
,55.5,15891.75,84.33333333333333
,97.0,4680.0,45.0
,16.0,2895.095238095238,311.23809523809524
,17.183098591549296,1428.5774647887324,120.49295774647888
,33.27777777777778,1975.7222222222222,509.6666666666667
,99.33333333333333,6987.0,428.6666666666667
,17.92079207920792,1578.4257425742574,80.18811881188118
,39.0,2640.0,22.5
,22.0,2477.25,49.0
,33.111111111111114,2716.0,267.3333333333333
,26.428571428571427,4622.714285714285,88.85714285714286
,1.0,63.0,6.0
,39.0,2899.0,36.0
,33.714285714285715,4772.428571428572,61.285714285714285
,38.666666666666664,1078.3333333333333,29.0
,29.76923076923077,3606.403846153846,110.38461538461539
,28.714285714285715,635.2857142857143,18.571428571428573
,17.75862068965517,5515.103448275862,545.3103448275862
,11.4,586.8,205.0
,29.876543209876544,3407.6296296296296,212.82716049382717
,11.428571428571429,1068.7142857142858,92.14285714285714
,24.076923076923077,946.3076923076923,82.15384615384616
,48.4,3119.0,62.2
,28.75,1325.875,20.75
,23.80861244019139,2590.8755980861242,504.3205741626794
,9.581818181818182,805.6363636363636,87.27272727272727
,20.0,1203.5,8.5
,35.43636363636364,3277.181818181818,172.5818181818182
,36.8955223880597,3826.910447761194,196.26119402985074
,23.25,1931.25,389.0
,80.72972972972973,6073.189189189189,203.0
,7.25,873.75,18.5
,13.0,855.0,32.0
,26.47222222222222,3217.0,70.63888888888889
,8.5,2147.75,42.25
,29.57,4526.59,266.37
,26.0,3358.5,26.5
,4.0,1092.0,24.0
,29.842105263157894,2376.684210526316,40.31578947368421
,26.980392156862745,3849.6470588235293,108.45098039215686
,16.67391304347826,2901.5434782608695,300.5652173913044
,20.861538461538462,2703.625641025641,207.65641025641025
,13.0,1481.2,266.0
,31.6,5493.109090909091,124.94545454545455
,13.0,2795.0,25.0
,20.5,2714.0,45.166666666666664
,18.0,864.0,37.0
,34.57142857142857,4456.785714285715,60.67857142857143
,27.416666666666668,2388.9166666666665,95.5
,29.0,3321.6363636363635,33.27272727272727
,7.785714285714286,1185.0,622.6428571428571
,37.55555555555556,4687.0,68.0
,21.533333333333335,1195.8666666666666,97.6
,86.57142857142857,5698.714285714285,52.57142857142857
,15.823529411764707,1572.6470588235295,271.8529411764706
,7.0,1377.5,86.5
,40.10606060606061,3861.2727272727275,240.28787878787878
,21.375,513.75,24.625
,1.0,3074.0,10.0
,62.0,140340.0,47.0
,8.0,1473.0,21.0
,144.0,7364.0,78.5
,38.142857142857146,24315.714285714286,134.28571428571428
,30.142857142857142,7329.142857142857,332.14285714285717
,79.33333333333333,8364.444444444445,74.66666666666667
,39.60840707964602,3445.619469026549,105.12389380530973
,21.093023255813954,1518.8139534883721,167.34883720930233
,24.040665434380777,3719.6654343807763,494.91866913123846
,1.4444444444444444,169.88888888888889,36.666666666666664
,40.61538461538461,3241.2884615384614,37.55769230769231
,20.203389830508474,2625.5593220338983,517.4067796610169
,11.5,1143.5,31.0
,22.11111111111111,2667.0666666666666,182.0888888888889
,10.772727272727273,712.1818181818181,69.95454545454545
,105.0,6819.0,64.5
,22.736842105263158,2005.3157894736842,313.10526315789474
,12.125,1258.59375,172.90625
,19.350746268656717,2049.507462686567,645.9626865671642
,44.0,49476.0,76.0
,9.434782608695652,1039.9130434782608,181.04347826086956
,2.0,1308.0,52.0
,11.0,1333.25,14.75
,39.461139896373055,3830.7823834196893,197.88082901554404
,7.4,693.8666666666667,41.93333333333333
,39.0,5222.25,77.75
,34.8,2788.55,61.65
,6.5,616.7857142857143,67.64285714285714
,8.88888888888889,720.4444444444445,247.16666666666666
,12.857142857142858,1049.857142857143,36.0
,26.987179487179485,3077.4551282051284,91.9551282051282
,25.0,3831.5,92.0
,49.214285714285715,1175.9285714285713,294.07142857142856
,84.97849462365592,5999.967741935484,95.16129032258064
,15.0,1799.0,86.0
,35.432432432432435,3442.972972972973,191.16216216216216
,19.5,8349.0,35.5
,18.625,3785.375,131.75
,0.0,27.0,0.0
,10.56,3318.8,82.16
,29.857142857142858,1224.857142857143,58.857142857142854
,23.0,4068.5,34.5
,42.40625,1825.25,207.09375
,2.2,304.6,45.4
,9.256410256410257,1074.2564102564102,194.84615384615384
,19.2,3759.0,33.8
,34.93333333333333,3118.4133333333334,106.70666666666666
,63.44095940959409,2086.5867158671585,283.41143911439116
,6.0,1985.0,18.0
,29.06040268456376,3224.0234899328857,356.51006711409394
,26.460704607046072,3136.0975609756097,242.53116531165313
,14.592592592592593,2642.777777777778,1090.7037037037037
,40.6,3674.2,376.06666666666666
,30.67391304347826,2848.8478260869565,98.32608695652173
,27.926724137931036,2759.3922413793102,316.64367816091954
,18.4,261.0,181.26666666666668
,4.738095238095238,855.1428571428571,75.30952380952381
,35.484375,2995.828125,524.65625
,33.72727272727273,2868.090909090909,39.63636363636363
,17.551020408163264,1643.5714285714287,402.6530612244898
,36.57142857142857,614.8571428571429,7.571428571428571
,21.78030303030303,3327.939393939394,241.56060606060606
,31.8375,3830.704166666667,222.4375
,60.0,5776.0,43.0
,41.7536231884058,3955.8840579710145,68.05797101449275
,96.85714285714286,9582.42857142857,100.71428571428571
,48.848101265822784,4354.189873417721,195.08860759493672
,35.108108108108105,2432.837837837838,144.3783783783784
,19.573529411764707,2411.926470588235,363.29411764705884
,31.008130081300813,3655.3333333333335,367.6016260162602
,5.4,181.4,20.2
,39.42424242424242,5447.272727272727,238.6969696969697
,11.142857142857142,985.0,25.857142857142858
,31.0,1619.6666666666667,37.333333333333336
,22.04225352112676,3603.943661971831,75.38028169014085
,4.0,2288.0,6.0
,26.0,3017.3533834586465,166.99248120300751
,19.145454545454545,3215.7090909090907,132.6727272727273
,13.310344827586206,1942.9448275862069,726.248275862069
,6.25,508.25,20.5
,4.333333333333333,274.3333333333333,59.583333333333336
,15.967032967032967,1667.3846153846155,198.04395604395606
,21.204545454545453,2484.659090909091,220.5568181818182
,28.945652173913043,3629.3478260869565,131.09782608695653
,14.0,1121.0,30.0
,36.976470588235294,4008.3529411764707,98.14117647058823
,27.1372,3216.5716,266.6056
,0.0,124.0,6.0
,8.916666666666666,1862.5833333333333,112.70833333333333
,40.4,3237.2,112.4
,247.0,11926.0,227.0
,11.8,1789.6,185.0
,35.27272727272727,3720.7272727272725,245.8181818181818
,19.0,5096.333333333333,109.5
,29.102564102564102,2532.1794871794873,65.3076923076923
,58.0,23616.0,103.0
,8.666666666666666,1041.5333333333333,79.93333333333334
,1.0,51.0,3.0
,29.7979797979798,4075.979797979798,229.53535353535352
,3.5,263.5,4.5
,3.693877551020408,414.7959183673469,922.5714285714286
,62.62996941896024,2021.1345565749236,314.6452599388379
,2.0,181.0,19.0
,38.09170305676856,3531.9497816593885,255.14410480349346
,19.866666666666667,5186.1,130.4
,62.95,7992.3,166.35
,0.0,1869.0,0.0
,31.24035874439462,4666.478026905829,178.56860986547085
,17.625,783.5,39.958333333333336
,27.833333333333332,2469.75,44.083333333333336
,24.664634146341463,2405.2865853658536,73.0609756097561
,9.0,3271.1,120.9
,28.008333333333333,2986.625,304.81666666666666
,59.85,3547.0,54.0
,22.542435424354245,2537.6125461254614,559.2988929889299
,33.142857142857146,3844.214285714286,70.71428571428571
,25.905759162303664,3137.4240837696334,142.5235602094241
,25.328161365399534,2409.3824670287045,170.95577967416602
,23.896713615023476,3046.075117370892,214.69953051643193
,26.025500910746814,3476.1775956284155,263.8233151183971
,23.5,776.5,24.0
,99.33333333333333,6987.0,428.6666666666667
,25.11111111111111,22164.777777777777,103.44444444444444
,22.758706467661693,2959.594527363184,246.02487562189054
,14.0,532.0,71.33333333333333
,77.14285714285714,2394.4285714285716,19.285714285714285
,22.0,71583.5,13.5
,28.36,3154.62,111.58
,48.18032786885246,3964.590163934426,382.8360655737705
,159.75,7529.25,55.0
,19.5,2065.9545454545455,198.0909090909091
,23.91891891891892,2110.0,51.486486486486484
,57.0,3297.7,151.2
,40.968133535660094,4948.8148710166915,197.17147192716237
,37.766666666666666,2239.866666666667,76.76666666666667
,25.528,3399.936,139.272
,40.0,1847.2,16.8
,20.75,1982.6875,173.25
,22.322033898305083,3294.2118644067796,298.85593220338984
,75.28571428571429,3386.285714285714,57.42857142857143
,38.700325732899024,3159.700325732899,260.5798045602606
,132.0,30409.0,140.0
,25.59462254395036,3117.386504653568,294.6781282316443
,35.391304347826086,4503.739130434783,107.30434782608695
,28.714285714285715,4583.428571428572,138.46428571428572
,19.72289156626506,2154.1807228915663,299.03614457831327
,40.0,1884.6666666666667,56.0
,179.0,11540.0,127.0
,230.0,10942.0,389.0
,27.18255578093306,3242.549695740365,188.46247464503043
,2.0,118.0,7.0
,3.0,63.0,0.0
,3.896551724137931,1172.9655172413793,295.1034482758621
,45.0,4244.5,80.5
,7.125,418.25,232.0
,42.857142857142854,5241.142857142857,51.714285714285715
,31.621890547263682,3633.442786069652,157.97512437810946
,36.285714285714285,1366.0,141.21428571428572
,57.8,7329.8,40.4
,2.3333333333333335,1905.6666666666667,3.3333333333333335
,40.46666666666667,4680.266666666666,16.066666666666666
,20.75862068965517,1709.344827586207,58.03448275862069
,43.09090909090909,1304.7272727272727,46.90909090909091
,24.8,1891.7,33.3
,13.673306772908367,2410.390438247012,231.77689243027888
,117.0,10675.666666666666,307.6666666666667
,66.75,4078.25,22.0
,26.60103626943005,2810.259067357513,436.69170984455957
,53.35294117647059,3952.470588235294,41.11764705882353
,37.074776785714285,3884.1707589285716,188.109375
,10.333333333333334,2532.222222222222,488.1111111111111
,16.416666666666668,2018.6666666666667,112.75
,15.296296296296296,968.4444444444445,120.37037037037037
,9.0,957.0,14.0
,1.0,626.0,4.0
,46.638888888888886,4421.736111111111,170.36111111111111
,49.333333333333336,10698.666666666666,46.0
,61.84615384615385,9486.923076923076,171.15384615384616
,73.0,1402.0,9.0
,25.61046511627907,2473.7732558139537,252.12790697674419
,11.5,2100.5,61.6
,31.0,4490.0,30.5
,23.5,2379.0,34.5
,35.44686648501362,3760.0599455040874,170.69754768392372
,54.0,3864.5,37.5
,12.0,1504.888888888889,18.0
,34.293103448275865,3034.948275862069,117.89655172413794
,69.7,4432.65,273.3
,22.545454545454547,3382.909090909091,495.09090909090907
,37.57575757575758,4012.742424242424,188.12121212121212
,74.6282722513089,6008.392670157068,156.7591623036649
,9.985294117647058,1283.3970588235295,232.25
,8.333333333333334,2337.3333333333335,8.0
,58.9375,5612.75,57.0625
,13.409090909090908,1189.7272727272727,123.97727272727273
,18.385714285714286,2793.2,208.4857142857143
,37.34782608695652,3652.586956521739,69.71739130434783
,38.0,3675.6666666666665,50.666666666666664
,46.73913043478261,7188.869565217391,61.95652173913044
,50.3,5553.2,90.1
,6.333333333333333,2908.0,19.666666666666668
,13.0,97.0,4.0
,35.16279069767442,3726.5116279069766,117.06976744186046
,120.0,33857.0,240.0
,0.3333333333333333,8.666666666666666,0.3333333333333333
,88.5,6144.0,103.0
,12.0,5503.0,60.0
,17.0,1587.0,60.0
,508.0,37873.0,323.0
,42.57142857142857,2913.0,46.0
,95.0,1900.0,20.0
,54.0,319.0,0.0
,88.26315789473684,9513.684210526315,90.47368421052632
,32.01587301587302,3408.968253968254,231.84126984126985
,18.44,2688.6,181.4
,18.660240963855422,2378.843373493976,772.2819277108433
,50.45454545454545,12321.181818181818,88.0
,8.183673469387756,1030.204081632653,891.1020408163265
,32.47761194029851,3334.3582089552237,432.4179104477612
,34.65217391304348,2847.9565217391305,40.04347826086956
,51.5625,7727.5625,146.25
,27.05275779376499,3162.9448441247005,139.4892086330935
,33.51750972762646,2424.2996108949415,124.6692607003891
,53.53225806451613,5113.967741935484,262.2903225806452
,79.0,1978.6666666666667,73.0
,20.0,6026.0,59.5
,22.5,3854.9615384615386,305.34615384615387
,35.0,4540.25,36.75
,28.221649484536083,3424.2061855670104,166.8762886597938
,33.26712328767123,3402.5924657534247,129.67808219178082
,12.384615384615385,2380.653846153846,154.42307692307693
,18.0,3132.1428571428573,34.714285714285715
,31.0,1764.5,42.75
,26.266666666666666,2705.3333333333335,369.1333333333333
,31.71875,3198.75,68.5625
,34.70165745856354,1880.124309392265,169.86740331491714
,104.4453781512605,6049.72268907563,103.53781512605042
,42.61463832215723,3642.4892281352545,181.30261092880582
,50.41463414634146,5807.195121951219,87.07317073170732
,6.0,160.0,28.0
,86.4,8414.6,150.0
,22.25,7123.75,59.5
,31.466666666666665,2310.9333333333334,55.266666666666666
,67.14285714285714,3581.714285714286,80.71428571428571
,7.148148148148148,2551.5185185185187,67.66666666666667
,21.0,1250.95,11.9
,40.06896551724138,2533.896551724138,225.93103448275863
,28.844594594594593,3577.412162162162,221.64864864864865
,36.85168539325843,3485.334831460674,81.42921348314607
,7.0,926.9166666666666,101.83333333333333
,31.844155844155843,2470.3766233766232,293.84415584415586
,1.0,482.0,30.0
,29.3125,4346.8125,177.8125
,26.17782909930716,3209.5242494226327,252.91685912240186
,5.333333333333333,481.3333333333333,38.0
,0.5,512.0,21.5
,24.88888888888889,2444.777777777778,138.33333333333334
,16.2,2313.6,238.0
,32.333333333333336,9676.0,170.33333333333334
,15.08695652173913,1331.9130434782608,165.2608695652174
,22.248868778280542,2080.864253393665,236.6108597285068
,142.0,18834.6,118.2
,1.0,15.0,1.5
,41.0,8632.0,59.0
,29.0,3589.0,33.0
,87.53846153846153,4907.0,305.61538461538464
,284.0,10149.0,274.0
,31.17241379310345,5721.724137931034,103.10344827586206
,40.4,1230.4,23.3
,9.461538461538462,5027.153846153846,68.0
,83.0,1435.0,18.0
,22.976190476190474,3200.714285714286,220.52380952380952
,42.111111111111114,6698.777777777777,77.88888888888889
,32.195744680851064,2781.68085106383,131.05106382978724
,21.586206896551722,3138.7241379310344,90.3103448275862
,27.51051051051051,3504.8168168168168,142.41741741741743
,28.08974358974359,1913.2445054945056,366.0485347985348
,20.764705882352942,2006.6470588235295,638.7058823529412
,38.92156862745098,2883.1960784313724,93.41176470588235
,18.6,5013.9,481.8
,15.0,3933.0,14.0
,13.833333333333334,1797.0,30.166666666666668
,24.762376237623762,5751.623762376237,114.03960396039604
,35.31698113207547,3748.6603773584907,197.62264150943398
,2.7857142857142856,631.5714285714286,314.07142857142856
,34.529411764705884,3342.764705882353,107.82352941176471
,37.29931972789116,3647.356009070295,113.2358276643991
,46.608695652173914,13336.260869565218,201.0
,40.19,5822.19,161.36
,36.92101105845182,5147.401263823065,109.76935229067931
,29.730878186968837,4139.549575070821,419.8073654390935
,26.203703703703702,3843.462962962963,268.9074074074074
,28.70175438596491,4344.627192982456,206.33333333333334
,13.13888888888889,1548.361111111111,269.8333333333333
,20.3125,3849.1458333333335,71.52083333333333
,0.9888888888888889,220.1,1.6111111111111112
,44.642857142857146,2899.809523809524,81.47619047619048
,25.07843137254902,3527.7686274509806,261.09019607843135
,38.217948717948715,4096.933333333333,234.52051282051283
,32.86666666666667,1887.5,69.8
,247.0,12315.0,82.0
,33.813559322033896,4049.593220338983,198.35593220338984
,68.875,5734.25,49.875
3,7.3125,1820.4375,36.3125
,25.25,833.75,43.25
,29.375,6514.666666666667,49.75
,26.051724137931036,2321.5172413793102,127.17241379310344
,0.0,69.5,3.0
,24.247311827956988,2728.6451612903224,131.50537634408602
,45.02439024390244,6443.804878048781,292.5121951219512
,33.40422631220177,3653.0279481935922,269.1356509884117
,23.153846153846153,1950.2307692307693,35.0
,34.6993006993007,3443.8706293706296,198.6958041958042
,16.8,500.8,22.1
,31.431818181818183,4054.159090909091,171.13636363636363
,6.0,322.0,31.0
,55.0,21334.0,266.0
,28.246376811594203,4098.86231884058,170.4746376811594
,18.682027649769584,2665.377880184332,194.56221198156683
,6.466666666666667,1039.0,104.33333333333333
,71.5,10408.083333333334,103.75
,30.956521739130434,1947.304347826087,64.52173913043478
,25.47826086956522,2141.6684782608695,150.8423913043478
,12.440366972477063,1933.4587155963302,803.8073394495412
,25.574726609963548,3009.261239368165,518.7752126366951
,31.613636363636363,3902.9938016528927,173.23553719008265
,7.0,214.0,11.0
,32.653721682847895,3144.556634304207,300.3009708737864
,48.34090909090909,2458.965909090909,171.95454545454547
,31.8,6092.8,86.2
,16.651162790697676,3218.6744186046512,164.7674418604651
,7.666666666666667,1873.5,215.16666666666666
,59.714285714285715,3879.253968253968,117.63492063492063
,35.5,9468.5,72.0
,271.0,10986.0,233.0
,168.0,21712.0,323.0
,32.1849710982659,2792.8612716763005,663.8323699421966
,7.0,1224.0,119.5
,38.677083333333336,3849.1666666666665,110.36458333333333
,49.65714285714286,4542.885714285714,123.05714285714286
,29.820689655172412,3549.793103448276,133.20689655172413
,26.40740740740741,2188.5555555555557,57.925925925925924
,22.0,2311.516129032258,53.70967741935484
,100.375,4739.375,97.375
,33.23913043478261,6066.536231884058,151.5072463768116
,30.3389651531151,3359.859556494192,192.1467793030623
,22.2,2165.233333333333,60.766666666666666
,10.0,880.0,23.0
,19.72,2028.08,55.24
,42.56,2429.72,783.76
,4.0,2752.5,86.0
,0.0,60.0,3.0
,32.046783625730995,3847.4444444444443,229.75769980506823
,51.5,1173.5,17.5
,34.0,2596.25,109.75
,17.428571428571427,3005.4285714285716,101.71428571428571
,181.0,20418.0,356.0
,34.138297872340424,2224.840425531915,76.36170212765957
,22.266666666666666,3084.866666666667,63.6
,21.42391304347826,3827.5108695652175,168.32608695652175
,17.78,2293.9,193.54
,29.66111111111111,3673.0944444444444,58.27777777777778
,3.4,196.0,30.2
,29.547619047619047,4980.428571428572,114.5
,39.42307692307692,3419.8846153846152,75.88461538461539
,20.82608695652174,4039.092391304348,233.58695652173913
,26.473684210526315,4313.617728531856,881.168975069252
,23.0,5893.5,39.0
,47.714285714285715,8716.761904761905,520.8571428571429
,20.87074829931973,3478.4353741496598,227.49659863945578
,46.5625,2121.375,263.3125
,17.666666666666668,723.6666666666666,10.0
,25.21212121212121,2228.757575757576,85.27272727272727
,0.0,515.1428571428571,6.285714285714286
,21.576271186440678,3349.677966101695,519.4745762711865
,11.804347826086957,902.1304347826087,188.30434782608697
,59.0,330.0,11.0
,16.0625,740.25,37.4375
,30.348837209302324,3857.3178294573645,213.4108527131783
,24.892116182572614,2381.9460580912864,202.99170124481327
,9.666666666666666,4848.0,38.666666666666664
,43.875,3020.6875,155.6875
,15.0,4757.5,82.5
,24.56378600823045,2570.8312757201647,140.64197530864197
,47.72769953051643,4382.81220657277,138.33333333333334
,21.04,3500.46,212.36
,27.43545669025952,3223.6049882035727,201.57768790023593
,22.394904458598727,2985.5318471337578,205.97770700636943
,8.333333333333334,2291.3333333333335,57.5
,93.07142857142857,9546.92857142857,68.57142857142857
,17.26923076923077,1897.923076923077,51.0
,76.25,7447.5,77.625
,3.0,51.5,21.0
,24.456521739130434,1926.2608695652175,330.95652173913044
,35.101604278074866,4812.411764705882,390.39928698752226
,4.5,520.5,10.5
,10.0,1017.1481481481482,39.592592592592595
,13.0,1420.25,287.0
,3.0,232.5,50.5
,60.0,7357.0,120.0
,26.0,2949.875,83.90625
,27.28358208955224,4111.201492537313,221.86567164179104
,5.6,1471.4,97.0
,18.145,4559.99,95.7
,33.13333333333333,2804.9333333333334,167.43333333333334
,33.375,5755.833333333333,65.20833333333333
,70.0,15403.0,197.33333333333334
,32.47826086956522,5424.782608695652,102.78260869565217
,33.22222222222222,2199.3888888888887,41.5
,30.823529411764707,2407.235294117647,484.52941176470586
,16.0,435.2,33.266666666666666
,44.76393110435664,3997.3824721377914,175.4969604863222
,46.5,5069.25,67.25
,19.0,221.0,12.0
,11.222222222222221,403.55555555555554,37.44444444444444
!,296.0,5943.0,112.0
,66.5,7424.0,11.0
,31.304347826086957,2564.746376811594,121.42753623188406
,19.057142857142857,1970.5142857142857,227.68571428571428
,30.102564102564102,6222.153846153846,128.76923076923077
,46.46153846153846,4292.615384615385,102.23076923076923
,96.0,28673.0,222.0
,33.36923076923077,2375.630769230769,871.6461538461539
,18.817275747508305,2868.046511627907,402.35880398671094
,19.08,3154.04,184.92
,19.008,2970.9,430.7
,17.307692307692307,2195.6923076923076,30.692307692307693
,48.0,2752.7,143.6
,41.078923766816146,3762.0986547085204,198.71390134529148
,19.727272727272727,1122.0151515151515,131.03030303030303
,14.0,212.66666666666666,9.333333333333334
,19.727272727272727,2600.2727272727275,175.0909090909091
,38.3125,20571.875,67.4375
,26.875,1529.875,172.25
,70.75,3608.0,54.25
,24.7,3033.6,18.9
,17.68103448275862,1689.9396551724137,163.3448275862069
,42.0,3853.0,50.0
3,26.0,682.3333333333334,73.0
,31.709821428571427,4074.128348214286,229.64955357142858
,9.76923076923077,1557.6153846153845,247.3846153846154
,34.620535714285715,2785.791517857143,303.20446428571427
,27.29268292682927,3825.0871080139373,120.70731707317073
,10.666666666666666,968.3333333333334,126.86666666666666
,6.0,71.5,14.0
,115.54545454545455,9868.636363636364,152.72727272727272
,23.325,3583.4,150.25
,14.5,506.5,8.5
,30.0,7161.8,56.0
,49.285714285714285,5298.571428571428,102.85714285714286
,13.434782608695652,2568.913043478261,311.7826086956522
,21.647058823529413,1427.764705882353,38.64705882352941
,29.0,1097.4285714285713,129.14285714285714
,7.0,525.0,10.0
,20.266666666666666,1387.0,77.26666666666667
,17.82520325203252,1357.0325203252032,163.84146341463415
,9.403587443946188,1597.8295964125562,346.60538116591925
,26.302325581395348,1934.953488372093,45.2093023255814
,27.887005649717516,4315.745762711865,195.30790960451978
,43.0,3156.121212121212,119.51515151515152
,17.620967741935484,2261.298387096774,278.9516129032258
,19.441860465116278,3799.453488372093,518.4069767441861
,42.422413793103445,4649.241379310345,167.31034482758622
,20.017301038062282,2264.989619377163,296.52249134948096
,27.57777777777778,2483.9777777777776,134.46666666666667
,45.29032258064516,4476.598014888337,144.64019851116626
,15.638461538461538,3365.3384615384616,508.5153846153846
,57.42332268370607,3193.944089456869,222.15814696485623
,29.438356164383563,1840.6027397260275,263.2191780821918
,25.658105939004816,2036.4558587479935,55.091492776886035
,20.571428571428573,2222.8571428571427,67.71428571428571
,16.5,1258.6176470588234,83.26470588235294
!,41.5,4715.0,300.0
,24.153846153846153,1002.9230769230769,96.38461538461539
,33.526315789473685,2165.315789473684,727.1052631578947
,80.625,4451.0,258.375
,6.446808510638298,843.063829787234,232.68085106382978
,19.1,3370.225,534.375
,32.1,2591.6,28.3
,37.09090909090909,4208.545454545455,93.22727272727273
,24.684931506849313,2577.036529680365,172.9041095890411
,26.166666666666668,1040.6666666666667,72.83333333333333
,37.49074074074074,5356.898148148148,111.41666666666667
,40.429951690821255,3725.400966183575,133.14492753623188
,11.0,65.0,10.0
,32.46478873239437,4200.394366197183,145.42253521126761
,65.9,37159.75,96.65
,26.99171270718232,3111.160220994475,395.95580110497235
,16.373831775700936,2621.663551401869,544.2616822429907
,18.058823529411764,1329.1176470588234,82.88235294117646
,28.436496350364962,2926.0963503649637,166.5138686131387
,49.5,6303.0,100.0
,33.5,1817.25,29.75
,25.098765432098766,1601.2962962962963,34.18518518518518
,29.26388888888889,4451.238888888889,85.86944444444444
,21.296296296296298,2354.978835978836,135.37037037037038
,59.0,3316.2727272727275,476.0
,26.486187845303867,2403.1132596685084,170.11878453038673
,68.625,6105.875,225.875
,39.9375,8377.125,97.5
,32.02118297175604,2801.893982808023,173.78909128121163
,22.413333333333334,2048.0666666666666,116.65333333333334
,18.41860465116279,1841.0,799.4418604651163
,19.767567567567568,2089.8324324324326,137.5891891891892
,33.51282051282051,2225.8205128205127,95.61538461538461
,19.235294117647058,2396.4901960784314,167.80392156862746
,23.0,327.0,3.0
,29.11764705882353,4539.941176470588,48.05882352941177
,2.3333333333333335,20.333333333333332,13.0
,53.0,3132.0,43.0
,19.764705882352942,7713.450980392156,78.74509803921569
,28.557692307692307,3259.894230769231,112.32692307692308
,17.571428571428573,1823.5,86.42857142857143
,4.0,386.0,12.0
,14.0,946.0,10.0
,0.0,321.0,0.0
,58.73076923076923,12131.692307692309,219.80769230769232
,66.8,3778.2,73.9
,53.785547785547784,4248.146853146854,160.63636363636363
,47.333333333333336,3272.8888888888887,165.66666666666666
,18.557692307692307,992.4230769230769,73.9423076923077
,9.166666666666666,529.8333333333334,26.166666666666668
,208.0,5795.0,106.0
,22.76923076923077,1061.923076923077,140.46153846153845
,23.05,2204.85,56.65
,36.60919540229885,4000.689655172414,158.32183908045977
,18.738317757009344,2293.995327102804,141.05607476635515
,25.0,3185.8333333333335,205.91666666666666
,94.33333333333333,4889.0,27.666666666666668
,10.03125,221.69791666666666,300.2604166666667
,17.94736842105263,2624.5789473684213,327.4736842105263
,46.0,2071.4,33.0
,5.666666666666667,370.6666666666667,15.0
,50.65,5843.6,751.95
,80.0,3396.0,37.0
,13.75,685.875,179.0
,4.0,94.0,1.5
,54.175,3928.6,134.925
,23.618715083798882,1799.3743016759777,413.4106145251397
,22.0,1480.5,58.388888888888886
,30.65,2137.366666666667,20.383333333333333
,117.25,3594.5625,183.5
,18.0,4924.0,28.0
,8.1,1101.9,176.7
,25.12668918918919,2552.4239864864867,372.1114864864865
,35.208333333333336,2684.125,50.5
,5.75,601.75,18.75
,36.916666666666664,3375.535714285714,369.5238095238095
,40.583333333333336,768.5,14.833333333333334
,17.46875,2390.25,124.6875
,15.0,2800.5,435.6666666666667
,13.25,1105.75,10.5
,23.257575757575758,4018.757575757576,175.99242424242425
,9.644444444444444,2252.2444444444445,52.6
,42.13131313131313,2718.7070707070707,115.64646464646465
,15.529411764705882,1703.9705882352941,268.0882352941176
,34.916666666666664,2656.6666666666665,91.47222222222223
,31.38034188034188,2963.58547008547,182.35897435897436
,30.47486033519553,4140.6033519553075,109.18994413407822
,29.0,8710.0,76.0
,172.75,20939.125,211.125
,37.0,10263.0,165.0
,22.06145966709347,3531.4660691421254,297.95646606914215
,34.724137931034484,2376.689655172414,388.41379310344826
,55.964285714285715,6823.785714285715,174.89285714285714
,44.18181818181818,4060.7272727272725,52.40909090909091
,44.844628099173555,4305.866115702479,134.98512396694215
,41.0,8632.0,59.0
,2.0,355.0,12.0
,5.0,152.0,0.0
,9.6,1133.72,578.32
,46.111111111111114,5625.0,377.3333333333333
,16.561946902654867,2832.429203539823,162.8495575221239
,28.821428571428573,2251.25,72.57142857142857
,9.0,402.8,14.2
,31.10909090909091,2541.1272727272726,70.50909090909092
,44.294117647058826,7289.64705882353,299.5686274509804
,49.23529411764706,3258.294117647059,227.94117647058823
,27.708333333333332,2514.5833333333335,179.02083333333334
,33.196058091286304,3256.5108921161827,347.1161825726141
,54.37931034482759,4129.120689655172,351.3103448275862
,40.76923076923077,1832.1538461538462,172.3846153846154
,10.772727272727273,2673.590909090909,306.77272727272725
,39.377049180327866,3085.5737704918033,124.60655737704919
,15.0,3299.3333333333335,305.3333333333333
,20.764705882352942,2365.8823529411766,69.76470588235294
,12.518181818181818,1205.581818181818,338.6818181818182
,28.52991452991453,1221.6495726495727,483.47008547008545
,19.416666666666668,2773.5714285714284,109.76190476190476
,21.58974358974359,2661.871794871795,415.35897435897436
,17.0,968.5,16.0
,20.788888888888888,2436.722222222222,256.9
,45.8,6956.6,318.2
,14.333333333333334,770.8888888888889,30.444444444444443
,8.0,303.0,4.0
,3.111111111111111,198.11111111111111,26.11111111111111
,25.041666666666668,2445.7083333333335,333.5416666666667
,43.412962962962965,5478.496296296296,133.7074074074074
,14.0,2518.0,75.0
,11.696969696969697,1577.2424242424242,843.0
,25.328445747800586,2388.932551319648,267.4340175953079
,40.02017291066282,5187.844380403458,253.2564841498559
,63.63414634146341,3085.1463414634145,107.26829268292683
,16.0,1280.0,38.0
,35.67567567567568,3710.6013513513512,211.45945945945945
,53.0,4293.604166666667,88.8125
,18.0,3485.3333333333335,21.333333333333332
,4.2631578947368425,950.2631578947369,705.9473684210526
,32.63716814159292,4135.4646017699115,113.30973451327434
,19.033333333333335,4344.433333333333,90.63333333333334
,41.4390243902439,3992.4439024390244,320.25365853658536
,53.54545454545455,6834.909090909091,76.27272727272727
,34.11132075471698,3089.6490566037737,173.15283018867925
,7.0,2792.0,22.0
,22.166666666666668,2662.280701754386,475.92105263157896
,39.1,2648.65,53.8
,21.982456140350877,2586.4502923976606,408.5029239766082
8,5.75,737.0,30.75
,39.8125,4209.0,60.4375
,12.882352941176471,1737.4117647058824,212.1764705882353
,29.045454545454547,5101.136363636364,84.54545454545455
,0.0,51.0,7.0
,39.05555555555556,2670.8055555555557,244.25
,46.57142857142857,2179.214285714286,78.35714285714286
,2.0,121.0,3.0
,11.25,1735.25,18.0
,39.68,4012.29,111.95
,29.697674418604652,2731.593023255814,136.8139534883721
,16.36842105263158,3403.6315789473683,223.26315789473685
,13.0,2108.0,32.0
,3.5,391.5,7.0
,37.76190476190476,7146.952380952381,122.14285714285714
,80.0,3190.0,21.0
,30.403225806451612,2773.3870967741937,114.74193548387096
,22.94214876033058,3193.6528925619837,137.46280991735537
,30.25,1279.75,30.75
,44.25,17288.5,154.0
,46.11363636363637,3795.3863636363635,218.13636363636363
,12.181818181818182,1411.0,136.54545454545453
,24.285714285714285,9455.57142857143,88.42857142857143
,36.34138486312399,4085.803542673108,167.03864734299518
,23.6,1885.8,25.8
,44.0,3517.0,21.0
,31.333333333333332,176.16666666666666,17.166666666666668
,47.63581488933602,4002.0643863179075,194.06841046277665
,35.52325581395349,3120.7558139534885,419.0
,31.505119453924916,3111.873720136519,292.84982935153585
,23.78048780487805,2579.560975609756,380.1585365853659
,10.0,914.5,12.0
,17.6,3391.5333333333333,98.26666666666667
,43.79372197309417,6110.490284005979,147.1390134529148
,31.655172413793103,3386.5862068965516,226.55172413793105
,21.0,5934.0,409.6666666666667
,7.396825396825397,1020.3492063492064,30.58730158730159
,24.76231884057971,3047.6985507246377,143.7768115942029
!,116.66666666666667,5699.666666666667,121.33333333333333
,12.142857142857142,2162.5714285714284,58.42857142857143
,82.0,1589.0,3.0
,17.71458773784355,1635.6427061310783,196.98097251585622
,32.53333333333333,4290.426666666666,137.8
,0.75,2280.75,6.0
,37.083333333333336,4335.444444444444,350.97222222222223
,27.581818181818182,5256.036363636364,243.4
,0.0,83.0,6.0
,15.586206896551724,1645.396551724138,225.1551724137931
,99.33333333333333,6987.0,428.6666666666667
,37.0,5571.0,22.0
,2.3333333333333335,212.66666666666666,9.0
,43.9,14161.3,82.3
,46.0406976744186,4165.412790697675,393.8255813953488
,4.0,489.6666666666667,28.666666666666668
,18.5,2065.5,166.0
,26.555555555555557,1109.111111111111,161.66666666666666
,0.0,643.0,5.0
,26.285714285714285,1212.7142857142858,197.71428571428572
,22.72222222222222,1351.7777777777778,29.72222222222222
,17.601156069364162,3123.8612716763005,165.29479768786126
,34.05263157894737,3782.5263157894738,165.42105263157896
,22.014519056261342,2111.5480943738658,340.9600725952813
,32.8041825095057,3568.8365019011408,235.5893536121673
,34.398563734290846,4016.615798922801,335.5026929982047
,105.25,2345.0,47.0
,0.6666666666666666,89.33333333333333,5.0
,20.5,3569.125,215.25
,142.0,11567.0,78.0
,12.0,1915.157894736842,49.36842105263158
,9.846153846153847,739.3846153846154,31.615384615384617
,53.63636363636363,5606.636363636364,144.63636363636363
,15.0,632.0,8.0
,18.8796992481203,3131.563909774436,348.2406015037594
,39.166666666666664,8413.805555555555,160.75
,27.829749103942653,3672.9229390681003,220.83870967741936
,2.5,68.0,1.5
,30.456521739130434,2945.3695652173915,48.04347826086956
,39.182,4709.096,121.98
,33.916666666666664,2625.75,210.47222222222223
,36.285714285714285,12155.857142857143,100.28571428571429
,1.0,528.0,8.0
,39.0,1491.0,18.0
,19.125,4490.625,55.9375
,8.933333333333334,1764.1333333333334,315.26666666666665
,4.8,85.13333333333334,45.6
,42.5,1747.0,40.5
,39.891304347826086,3410.521739130435,132.82608695652175
,110.0,5160.0,41.0
,56.0,3120.3333333333335,88.0
,6.202898550724638,635.5797101449275,1153.1014492753623
,41.0377358490566,3614.7169811320755,150.58490566037736
,12.0,918.0,17.0
,27.0,2810.0714285714284,164.07142857142858
,6.0,519.0,67.0
!,31.166666666666668,464.0,17.333333333333332
,12.55,2641.8,62.35
,22.625,782.0,111.75
,8.5,7100.5,67.0
,107.0,12110.0,103.0
,37.36842105263158,3358.926315789474,88.2421052631579
,38.5,11058.0,81.5
,35.576,3145.672,137.504
,20.53846153846154,3171.6923076923076,43.53846153846154
,17.693181818181817,3047.4454545454546,153.4340909090909
,28.930666666666667,3692.2773333333334,346.75466666666665
,20.04,2160.8,99.92
,52.4054054054054,2689.662162162162,145.78378378378378
,38.34426229508197,3351.934426229508,76.77049180327869
,59.0,1388.0,16.0
,23.2,3453.5777777777776,58.31111111111111
,7.5,1812.0,18.0
,24.210332103321033,2976.2656826568264,212.93357933579335
,5.333333333333333,755.3333333333334,4.333333333333333
,32.21978021978022,3321.6263736263736,101.67032967032966
,44.58661417322835,4168.6968503937005,198.88188976377953
,37.622754491017965,3404.329341317365,320.38922155688624
,50.0,6755.363636363636,42.63636363636363
,29.642857142857142,977.1428571428571,23.714285714285715
,13.65,1390.15,519.65
,24.125,29904.75,237.0
,37.85849056603774,5692.801886792453,96.0377358490566
,0.0,22.0,1.0
,26.32608695652174,2467.586956521739,484.5072463768116
,39.666666666666664,3700.0,38.0
,24.68,3990.2933333333335,135.76444444444445
,44.45859872611465,5026.5668789808915,123.01273885350318
,59.26470588235294,6372.323529411765,95.61764705882354
,11.5,514.5,4.0
,21.05581395348837,3102.66511627907,229.7674418604651
,34.703947368421055,4266.463815789473,228.03947368421052
,17.666666666666668,2192.0,230.95238095238096
,14.5,955.3333333333334,93.33333333333333
,24.476923076923075,2839.7476923076924,97.28923076923077
,2.25,577.75,17.75
,28.0,4564.0,35.0
,151.27272727272728,5100.727272727273,64.63636363636364
,21.26530612244898,2250.0408163265306,47.97959183673469
,49.25,3888.6071428571427,110.57142857142857
,20.333333333333332,9284.333333333334,65.0
,34.950819672131146,3946.8606557377047,150.54918032786884
,8.8,885.5,47.8
,26.3282722513089,1952.4848167539267,81.1869109947644
.,18.41176470588235,1678.3529411764705,162.88235294117646
.,5.0,87.5,4.5
.,12.0,86.0,9.0
.,49.2,4820.6,62.8
.,14.625,4833.75,30.75
,22.77777777777778,2184.6666666666665,37.888888888888886
,23.714285714285715,2706.8571428571427,57.42857142857143
,20.541666666666668,3325.375,34.541666666666664
,0.75,239.5,26.25
