,companies,commentsCount,hitsCount,likes
0,a1,28.84752066115702,3152.6545454545453,387.0082644628099
2,abacus,32.333333333333336,3429.333333333333,45.0
4,abi,134.8,8116.0,69.4
8,accenture,82.0,4894.0,95.0
9,acer,52.266094420600865,3843.0300429184554,338.6008583690987
10,acronis,49.555555555555564,4367.0,32.888888888888886
13,adapter,39.774193548387096,2259.451612903226,65.25806451612904
15,adidas,29.33333333333333,2903.753623188406,153.1014492753623
17,admitad,3.736842105263158,288.9473684210526,52.57894736842106
18,adv,21.0,1183.3333333333333,34.666666666666664
24,aero,57.73015873015873,3973.777777777778,172.14285714285714
28,agora,39.0,2122.2727272727275,634.7272727272727
34,ais,13.142857142857142,2154.428571428572,10.857142857142858
42,allianz,14.0,545.0,17.0
45,alter,31.52083333333333,4291.291666666667,85.875
47,altima,30.0,8055.0,27.0
48,altspace,11.583333333333336,2010.75,72.58333333333333
52,amazon,45.15136298421808,4156.555236728838,166.1341463414634
66,anytime,5.0,1320.5,23.0
82,arzamas,8.333333333333334,1184.0,52.66666666666666
93,atlantis,23.31,2695.66,208.91
97,attl,15.782608695652176,1251.2608695652175,962.0
100,author.today,5.5,708.1,19.85
103,avenue,16.369565217391305,2026.4565217391305,104.8913043478261
105,avid,24.0,2917.2,81.0
110,awg,31.0,2514.5,120.0
111,axel,12.372093023255816,1183.1627906976746,137.23255813953492
112,axon,47.375,2451.5,79.375
114,b9,21.826941607246102,2322.9105800732323,269.738485257275
115,background,9.5,1911.1904761904761,67.9047619047619
116,badoo,14.857142857142858,2223.714285714286,102.71428571428572
118,baza,201.54545454545453,13232.090909090908,137.0
119,bcc,3.391304347826087,85.02173913043478,1.6956521739130437
120,bcg,112.0,5002.333333333333,158.66666666666666
121,beau,70.14285714285714,6312.0,147.85714285714286
124,begun,8.0,449.0,25.0
130,betty,11.789473684210524,1679.1052631578948,51.68421052631579
131,binance,128.66666666666666,4842.333333333333,65.33333333333333
145,bookmate,3.2857142857142856,360.07142857142856,16.857142857142858
146,boomstarter,26.472222222222218,3639.416666666666,55.22222222222222
147,bork,0.5,148.5,12.5
149,bosch,10.6,3643.0,66.4
153,bp,61.72508591065292,2315.360824742268,258.2061855670103
158,brick,28.0,2525.114942528736,210.73563218390805
159,bright,32.0253164556962,2757.139240506329,263.30801687763716
160,broccoli,8.137931034482758,892.0344827586208,188.06896551724137
164,buro,58.5,3842.25,62.0
169,canon,42.68888888888889,4237.155555555555,76.08888888888889
173,cbs,28.764705882352942,5040.64705882353,216.11764705882354
187,chosen,39.77215189873418,3754.4556962025317,63.18987341772152
190,cisco,11.727272727272727,1635.5454545454545,108.9090909090909
191,citadel,26.9,3532.85,149.8
195,clc,6.363636363636362,1041.1818181818182,50.81818181818182
198,clipper,8.0,815.5,34.25
199,clos,18.75,5266.25,44.0
216,cortex,36.53389830508475,2376.4576271186443,110.33898305084746
218,coub,40.64,2259.88,191.26666666666668
227,crm,37.647058823529406,3523.7058823529414,545.6470588235294
232,cti,1.4,138.6,32.2
237,danone,162.0,20277.0,306.0
238,dapp,17.0,8840.0,19.0
241,dbi,29.0,894.0,3.0
249,deloitte,40.42105263157895,3456.2105263157896,75.89473684210526
251,denim,6.0,303.3333333333333,15.666666666666664
253,depositphotos,8.736842105263158,627.8421052631579,506.0
263,dialog,43.77777777777778,17662.777777777777,54.0
264,diamond,30.26129032258065,4414.906451612903,250.2032258064516
265,dice,40.4622641509434,3383.330188679245,88.38679245283018
266,didi,4.142857142857143,601.8571428571429,22.428571428571423
268,digi,32.81578947368421,3343.894736842105,144.4736842105263
276,dna,5.5,97.0,5.0
277,dns,59.91666666666666,4018.208333333334,307.5
286,duran,14.973684210526313,1961.5263157894735,119.89473684210527
289,ebay,37.151785714285715,3784.169642857143,168.34821428571428
293,edison,32.285714285714285,1953.857142857143,23.0
296,effective,23.857142857142854,2609.428571428572,20.285714285714285
306,elixir,20.2,3341.85,95.5
317,ericsson,35.723076923076924,6749.446153846154,171.84615384615384
318,eset,7.0,108.0,1.0
323,everyone,20.74468085106383,1963.1702127659576,47.04255319148936
324,evo,29.009259259259263,3122.324074074074,48.28703703703704
325,evolution,31.414736842105263,4357.88,254.0315789473684
329,fabrika,4.5,146.5,19.0
342,fibrum,3.9166666666666665,3392.25,9.166666666666666
343,fim,14.615384615384615,7272.6923076923085,22.153846153846153
344,finch,32.08,3118.4061538461538,291.60307692307686
346,fitbit,17.5,606.0,4.75
347,flex,28.55,2504.6,83.9
350,folks,36.52,2249.44,54.12
360,freelance,20.57894736842105,1789.1315789473686,137.1578947368421
364,fsa,5.333333333333333,2269.444444444445,14.0
366,ftg,3.5,655.3,141.9
367,fuel,54.384615384615394,5275.0,190.5769230769231
372,fury,31.257777777777783,3061.1007407407405,215.0385185185185
373,fusion,29.923387096774192,3064.6693548387098,144.98790322580646
380,gallery,30.924242424242426,3870.318181818182,108.03787878787878
383,gameloft,33.7,5042.133333333333,63.64444444444445
386,garage,25.065789473684212,2844.078947368421,65.34210526315789
390,gd,30.201058201058203,2334.5608465608466,167.4973544973545
391,gdo,510.0,21343.0,183.0
393,geeks,44.046875,3023.9375,122.28125
395,generations,31.725,3146.25,50.74166666666667
396,genesis,32.886722376973076,3687.2163416898793,175.50603528319405
398,gett,22.0,797.0,14.5
399,gf,27.851190476190478,2238.6041666666665,233.03869047619045
404,gic,33.75,3988.0,43.0
407,ginger,13.709677419354836,1346.3225806451612,120.22580645161291
411,gloria,10.38,1424.78,175.8
415,gms,89.0,10197.0,68.0
417,google,36.99232456140351,3195.6937656641608,161.3330200501253
423,grammarly,8.333333333333334,379.0,11.0
428,gsa,36.66666666666666,2483.5,27.33333333333333
440,heineken,30.5,24243.5,86.75
442,henkel,9.0,252.0,10.0
444,heroes,35.50673400673401,3645.199074074074,219.10521885521885
449,honeywell,23.33333333333333,2195.0,441.66666666666674
450,honor,38.70720299345182,3376.0280636108514,414.3143124415341
452,hr,26.41666666666667,2685.0,353.2546296296296
456,hudson,26.392523364485978,2746.233644859813,751.3084112149533
460,ibm,8.6,1301.6,44.3
461,ibs,21.0,2604.5,28.5
467,icu,20.33333333333333,1278.6666666666667,89.33333333333331
469,idm,4.5,114.5,6.5
470,ifs,11.5,128.5,7.5
472,ikea,20.761904761904766,2003.904761904762,211.23809523809524
484,intel,53.71979949874687,4110.062656641604,137.09273182957392
485,interface,23.73404255319149,3086.425531914894,280.48936170212767
487,interplay,30.989717223650388,3103.491002570694,429.5012853470437
489,interview,21.21359223300971,4126.184466019417,200.4271844660194
492,ipsos,102.0,3686.666666666666,52.5
494,irbis,206.0,2567.0,6.0
495,irrational,21.625,2924.138888888889,460.51388888888886
497,isd,0.6666666666666666,277.5,22.33333333333333
504,ivi,66.57142857142857,7917.142857142857,76.80952380952381
510,jabra,39.375,3166.25,25.875
514,joom,20.0,2588.8,520.2
516,jtc,13.419354838709678,1362.1827956989248,36.053763440860216
517,juno,25.85294117647059,1464.4411764705883,264.20588235294116
528,kdl,3.0,214.0,11.0
537,kosmos,6.666666666666668,3104.666666666666,42.333333333333336
543,ks,31.67068273092369,3443.4698795180725,403.63855421686753
550,lacoste,251.0,5752.0,67.0
551,lad,19.783783783783786,2105.756756756757,307.29729729729735
553,lambo,0.0,11.0,1.0
554,lamoda,9.0,2563.5,14.5
556,ld,18.03903903903904,1943.3633633633638,180.30030030030034
558,legacy,41.22710068130204,3385.972747918244,183.5632096896291
562,levin,37.90909090909091,1442.6363636363635,27.72727272727273
565,life,37.344489324870175,3616.574725908829,266.2646662819773
580,lobster,25.6875,2333.6875,87.25
587,m7,26.480446927374306,2444.865921787709,269.245810055866
588,macro,40.51724137931035,2895.7241379310344,104.72413793103449
591,magical,21.446043165467625,2921.812949640288,114.84172661870504
592,magma,12.827586206896553,3212.2413793103447,189.68965517241375
601,marilyn,15.945945945945946,1920.945945945946,182.37837837837841
604,marketplace,19.286666666666665,2431.36,139.91333333333333
605,mars,26.744094488188978,2777.781496062992,133.3129921259843
606,mash,51.098039215686285,4890.843137254902,95.58823529411764
611,maxima,26.7,3902.0,63.4
613,mdb,88.625,4883.25,135.25
616,mediamarkt,52.75,1239.5,45.625
617,mediascope,94.85714285714286,6617.142857142857,52.28571428571429
622,merlion,33.526315789473685,2165.315789473684,727.1052631578948
625,metro,70.69256987048398,5421.344239945467,248.72392638036808
626,mfs,33.0,1208.4444444444443,196.33333333333331
629,mgp,12.0,952.0,4.0
631,microsoft,57.26410304625799,3756.8622602482137,242.8672433245581
636,mips,28.0,1912.0,69.66666666666667
637,miro,8.933333333333334,1109.8933333333334,55.01333333333334
644,mod,24.53195164075993,3370.53195164076,193.57858376511226
646,mojo,30.71186440677966,3527.6610169491523,75.0677966101695
651,mortgage,2.5,125.0,7.0
653,motorola,48.660377358490564,5629.792452830188,94.84905660377359
655,mover,21.33333333333333,2633.0,27.0
657,msn,15.0,165.0,6.0
659,mti,13.5,1029.0,22.25
668,neon,30.035260930888576,3184.933709449929,151.47531734837798
671,nester,34.333333333333336,8400.333333333334,174.66666666666663
679,nexus,38.76278409090909,3741.052556818182,159.8153409090909
681,ngc,5.5,390.0,13.5
682,ngm,16.0,1994.75,35.0
683,nike,32.07874015748032,3206.1417322834645,265.64566929133855
684,nils,3.5,499.5,13.0
694,nova,18.589861751152075,3826.820276497696,160.93087557603687
702,nvidia,64.78918918918919,5104.863320463321,174.03783783783783
704,obi,31.47826086956522,3153.347826086957,273.1304347826087
710,okko,69.49655172413793,5100.034482758621,155.6206896551724
712,olive,18.96875,1792.34375,168.1875
718,ony,2.0,434.0,17.0
721,oracle,14.327188940092164,1750.8202764976959,777.9953917050691
723,orca,35.416666666666664,3982.0,44.5
724,organic,13.403846153846152,1655.8269230769229,657.7884615384615
731,oxygen,35.19626168224299,2902.5887850467293,177.65420560747663
733,ozon,72.44,5235.213333333333,251.88
735,panasonic,30.6340206185567,4720.984536082474,388.5257731958763
737,panorama,21.029411764705888,2686.9705882352937,336.0882352941176
741,parallels,92.53846153846152,6032.538461538462,98.76923076923076
742,parimatch,17.0,918.8333333333335,9.166666666666666
747,patriot,48.56410256410256,3208.384615384615,59.846153846153854
750,pax,31.4,3335.95,70.55
752,payoneer,4.333333333333333,155.0,6.666666666666668
760,philips,49.80405405405406,5016.006756756758,104.87162162162164
769,pixonic,13.389830508474574,2065.3254237288133,30.69491525423729
776,platform,39.75217391304348,3983.4217391304346,167.06521739130434
778,platinum,48.380116959064324,4369.089181286549,219.5233918128655
786,playrix,20.695121951219512,2587.893292682927,34.78353658536585
787,playtech,6.4444444444444455,452.5555555555555,22.222222222222218
791,plf,47.18181818181818,4368.090909090909,46.63636363636363
794,pops,10.923076923076923,5828.846153846153,135.61538461538458
795,porta,90.77777777777777,3437.555555555556,58.444444444444436
801,producer,10.32520325203252,1836.8048780487804,30.63414634146341
803,profit,45.63333333333333,4234.966666666666,239.05
806,promo,15.5,1760.916666666667,126.88888888888887
807,promobot,23.5,1563.0,22.0
808,promotion,51.75,6809.916666666668,30.41666666666667
812,pruffi,0.0,7358.0,16.0
814,publicis,31.0,17670.5,37.5
816,pump,22.490196078431374,2183.43137254902,277.4901960784314
825,qiwi,52.185185185185176,7064.740740740741,55.814814814814824
828,qq,19.285714285714285,1994.84555984556,379.6100386100386
833,qwerty,28.0,1912.0,69.66666666666667
838,rarible,32.30769230769231,12626.307692307693,165.30769230769232
839,rasa,76.30769230769229,6668.076923076923,46.0
851,reboot,34.593023255813954,3110.151162790697,156.23255813953492
854,reddit,55.84070570186653,5864.185118895423,229.23574533367423
856,redis,5.333333333333333,1574.583333333333,4.666666666666667
858,redmond,10.0,401.0,11.0
859,reform,9.722222222222221,770.2777777777777,194.05555555555557
860,refresh,44.03846153846154,4258.923076923077,97.42307692307692
861,reg.ru,294.6666666666667,34260.666666666664,331.3333333333333
862,regency,46.0952380952381,5203.619047619048,118.14285714285714
870,revolut,4.5,211.5,6.5
872,rgb,30.277777777777782,2783.333333333333,480.9444444444445
873,riders,33.061904761904756,2960.285714285714,188.32380952380956
875,rita,10.416666666666666,946.6111111111113,133.75
878,robokassa,32.0,221.0,18.0
884,rpv,11.5,870.0,7.5
885,rsd,11.75,3152.75,48.0
886,rt,34.13793103448276,3571.9051724137926,267.3189655172414
887,rubius,7.0,1343.5,34.0
889,rusbase,55.0,9656.0,28.5
891,rutube,80.6875,4751.5625,100.125
892,rvi,12.058823529411766,1548.0882352941173,818.2058823529413
893,safer,72.83333333333333,2122.0,29.5
896,savage,32.08695652173913,3268.353260869565,104.30978260869566
899,schlumberger,1.5,799.0,14.0
901,sd,23.38065522620905,2663.13728549142,130.7285491419657
904,selectel,23.3,1241.2666666666667,66.2
912,shell,41.38785046728972,4874.613707165109,146.2601246105919
917,showcase,33.60925449871465,1986.1748071979434,238.78149100257068
919,siemens,38.142857142857146,8436.047619047618,161.45238095238096
921,sigur,21.414634146341463,2511.512195121951,121.3658536585366
928,skillbox,13.241935483870966,770.5967741935484,31.322580645161292
929,skillfactory,6.0,903.0,2.0
932,skyeng,10.857142857142858,1592.7142857142858,97.14285714285714
933,skyline,32.52777777777778,1999.2222222222226,54.694444444444436
939,sm,26.46303501945525,3719.237354085603,147.71984435797663
940,sm2,14.555555555555555,978.4444444444445,55.77777777777778
943,smarter,5.314285714285714,1130.6,539.3142857142857
946,soda,22.625,2890.229166666666,51.45833333333334
947,sofia,29.451612903225808,2594.483870967742,138.1290322580645
949,softline,43.0,10612.0,158.0
950,soho,18.133333333333333,2412.5333333333333,87.86666666666666
951,soj,18.25,1117.0,194.25
956,spark,21.005494505494507,2282.3406593406594,478.23076923076917
959,sphere,27.56774193548387,2755.4645161290327,148.1161290322581
962,spotify,19.271844660194176,1385.9333051920642,131.38834951456312
971,stream,39.73404255319149,4341.1010638297885,79.36702127659575
975,sunlight,26.32142857142857,6817.75,53.964285714285715
977,superjob,21.0,4022.0,20.0
978,surf,29.46875,1658.71875,48.53125
982,sws,88.33333333333331,3934.0,66.5
983,symantec,13.0,6343.0,21.0
986,synergy,14.533333333333333,1545.4,47.13333333333333
996,tcc,7.0,209.0,5.0
998,techno,17.811881188118807,1236.1287128712872,118.3861386138614
1000,tele2,8.0,89.0,1.0
1001,teleport,26.66666666666667,2521.833333333333,39.333333333333336
1005,terra,18.88741721854305,2214.201986754967,331.4006622516556
1014,tiktok,19.33333333333333,480.0,13.0
1017,timeless,26.217391304347824,3608.391304347826,35.43478260869565
1019,tinkoff,73.2,20419.0,72.2
1028,translation,10.695652173913043,1816.463768115942,122.6231884057971
1033,turtle,46.483870967741936,4265.096774193548,122.07258064516131
1034,tvp,17.666666666666668,3031.666666666666,30.66666666666667
1035,tvzavr,39.5,2516.0,34.5
1037,u6,27.707142857142852,2138.6428571428573,285.6928571428571
1038,uap,6.7936507936507935,922.6349206349206,1822.5238095238094
1039,uber,68.87755102040815,6669.326530612245,138.1530612244898
1040,ubisoft,52.47870036101083,4053.5115523465706,169.43032490974733
1047,unicorn,31.99115044247788,3533.6814159292035,125.84070796460179
1049,unilever,41.0,2226.333333333333,65.66666666666667
1051,uniqlo,27.363636363636363,4658.727272727273,252.45454545454547
1054,unity,21.821791538643346,2283.610257622312,132.12408414086505
1059,ups,6.625,919.125,256.0416666666667
1061,upwork,33.0,1054.3076923076924,261.0
1062,urent,16.166666666666668,729.6666666666665,30.83333333333333
1064,ust,36.9,1441.1,258.6
1066,utopia,22.6,4111.04,37.94
1067,uts,8.0,121.0,5.0
1068,v7,21.09126984126984,2017.4404761904761,242.9206349206349
1069,valve,56.0702333773668,4839.4262439454,254.77278731836202
1072,vc,23.876543209876548,2216.695473251029,344.2921810699589
1073,vc.ru,44.16666666666666,1183.3333333333333,41.5
1079,vesta,13.636363636363635,13016.0,62.0
1080,vi,28.261682242990656,2501.3570093457943,122.95140186915887
1086,vk,14.082405345211582,1501.1024498886413,172.61692650334075
1093,vs,24.04953560371517,2695.216718266254,194.85139318885447
1099,wasd,7.8,323.6,8.8
1100,watchers,28.714285714285715,3095.25,188.64285714285717
1103,waves,18.970149253731343,2408.8805970149256,112.43283582089552
1104,wd,27.08270676691729,2221.46992481203,252.6954887218045
1108,webinar,13.6,3231.6,49.8
1109,webmoney,40.142857142857146,3786.0,233.80952380952382
1113,wellness,8.0,274.6666666666667,6.0
1114,wells,42.91304347826087,3473.043478260869,67.08695652173913
1115,westland,11.666666666666664,2105.833333333333,36.16666666666666
1119,whoosh,16.166666666666668,729.6666666666665,30.83333333333333
1120,wildberries,109.51923076923076,3602.769230769231,172.98076923076923
1122,wings,31.85668789808917,3232.1019108280257,192.0859872611465
1123,winstrike,18.41304347826087,1802.2826086956518,20.130434782608692
1124,wise,125.91769547325104,1397.2633744855966,220.54732510288062
1126,woke,2.0,499.0,6.5
1127,wonder,20.15989159891599,2472.8861788617887,169.3008130081301
1133,wrigley,56.66666666666666,5524.333333333332,53.0
1136,xander,4.333333333333333,999.3333333333335,14.0
1138,xerox,28.14705882352941,2077.9852941176473,574.9411764705882
1142,xsolla,28.97560975609756,3019.9451219512193,306.9634146341463
1145,yadro,171.66666666666666,4710.333333333333,57.66666666666666
1146,yard,17.80952380952381,2546.3809523809523,57.904761904761905
1149,yota,47.511111111111106,4346.533333333334,163.73333333333332
1151,z1,26.86851211072664,3409.2076124567475,198.121107266436
1152,zara,112.55555555555556,5589.333333333332,258.3333333333333
1157,zoom,31.744769874476987,3016.719665271967,159.7991631799163
1161,а1,29.030612244897963,2500.80612244898,563.765306122449
1162,а3,29.974358974358967,4229.333333333333,270.6666666666667
1166,авито,47.118155619596536,3270.780979827089,144.0172910662824
1169,авторадио,36.0,2527.833333333333,28.16666666666667
1177,айсберг,18.95,3727.5,154.85
1190,алмаз,47.11320754716981,1641.7735849056603,230.43396226415092
1195,альтернатива,34.858823529411765,4372.329411764706,609.9823529411765
1205,амедиа,16.0,2895.095238095238,311.23809523809524
1207,амплуа,33.27777777777778,1975.7222222222226,509.66666666666674
1213,антарес,26.42857142857143,4622.714285714285,88.85714285714286
1214,антика,1.0,63.0,6.0
1225,ариан,48.4,3119.0,62.2
1230,арта,35.43636363636364,3277.181818181818,172.5818181818182
1236,аспект,26.472222222222218,3217.0,70.6388888888889
1237,аст,8.5,2147.75,42.25
1243,атлантик,16.67391304347826,2901.543478260869,300.5652173913044
1248,атон,20.5,2714.0,45.16666666666666
1249,атс,18.0,864.0,37.0
1252,ашан,29.0,3321.6363636363635,33.27272727272727
1253,аэрофлот,7.7857142857142865,1185.0,622.6428571428571
1254,аякс,37.555555555555564,4687.0,68.0
1257,баркли,15.823529411764708,1572.6470588235293,271.8529411764706
1263,белаз,8.0,1473.0,21.0
1267,бест,79.33333333333333,8364.444444444445,74.66666666666667
1279,боско,12.125,1258.59375,172.90625
1280,брайс,19.350746268656717,2049.507462686567,645.9626865671643
1282,бристоль,9.434782608695652,1039.9130434782608,181.0434782608696
1284,бугурт,11.0,1333.25,14.75
1285,бука,39.461139896373055,3830.782383419689,197.880829015544
1286,буквоед,7.4,693.8666666666667,41.93333333333333
1288,буревестник,34.8,2788.55,61.65
1289,бюрократ,6.5,616.7857142857142,67.64285714285714
1295,ведомости,84.97849462365592,5999.967741935483,95.16129032258064
1297,вектор,35.432432432432435,3442.972972972973,191.16216216216216
1310,винк,6.0,1985.0,18.0
1312,винс,26.460704607046072,3136.0975609756097,242.53116531165313
1314,вит,40.6,3674.2,376.06666666666666
1315,вита,30.67391304347826,2848.847826086957,98.32608695652172
1317,вкусвилл,18.4,261.0,181.26666666666668
1321,вольт,17.551020408163268,1643.571428571429,402.6530612244898
1322,вольтаж,36.57142857142857,614.8571428571429,7.571428571428571
1325,вциом,60.0,5776.0,43.0
1327,вымпел,96.85714285714286,9582.42857142857,100.71428571428572
1330,газ,19.573529411764707,2411.9264705882347,363.29411764705884
1331,газета,31.008130081300806,3655.333333333334,367.60162601626024
1332,газпромбанк,5.4,181.4,20.2
1333,гамма,39.42424242424242,5447.272727272727,238.6969696969697
1338,генерация,26.0,3017.353383458646,166.99248120300751
1339,геркулес,19.145454545454548,3215.709090909091,132.6727272727273
1340,гермес,13.310344827586205,1942.9448275862067,726.2482758620689
1344,глория,21.204545454545453,2484.659090909091,220.5568181818182
1353,гранит,11.8,1789.6,185.0
1355,гринпис,19.0,5096.333333333333,109.5
1356,гриф,29.102564102564106,2532.1794871794878,65.30769230769229
1357,гудвилл,58.0,23616.0,103.0
1368,делимобиль,0.0,1869.0,0.0
1375,дикси,59.85,3547.0,54.0
1388,дымов,22.0,71583.5,13.5
1391,евросеть,159.75,7529.25,55.0
1402,игромания,38.700325732899024,3159.7003257328993,260.5798045602606
1405,известия,35.39130434782609,4503.739130434783,107.30434782608695
1407,икар,19.72289156626506,2154.1807228915663,299.03614457831327
1412,имхонет,2.0,118.0,7.0
1415,инвест,45.0,4244.5,80.5
1416,ингосстрах,7.125,418.25,232.0
1423,инок,20.758620689655174,1709.344827586207,58.03448275862069
1428,интеграл,66.75,4078.25,22.0
1430,интерфакс,53.352941176470594,3952.470588235294,41.117647058823536
1440,итс,73.0,1402.0,9.0
1449,камаз,69.7,4432.65,273.3
1450,камов,22.54545454545455,3382.909090909091,495.09090909090907
1452,канобу,74.62827225130891,6008.392670157068,156.7591623036649
1453,кант,9.985294117647056,1283.3970588235295,232.25
1458,карусель,37.34782608695652,3652.586956521739,69.71739130434783
1461,каустик,50.3,5553.2,90.1
1464,квант,35.162790697674424,3726.511627906977,117.06976744186045
1473,киевстар,54.0,319.0,0.0
1474,киномакс,88.26315789473685,9513.684210526317,90.47368421052632
1479,клевер,8.183673469387756,1030.204081632653,891.1020408163264
1497,комитет,34.70165745856354,1880.124309392265,169.8674033149171
1498,коммерсантъ,104.44537815126051,6049.72268907563,103.53781512605042
1511,конти,7.0,926.9166666666665,101.83333333333331
1516,копейка,5.333333333333333,481.33333333333326,38.0
1521,космо,15.08695652173913,1331.9130434782608,165.2608695652174
1529,крок,31.17241379310345,5721.7241379310335,103.10344827586206
1537,лабиринт,27.51051051051051,3504.816816816817,142.41741741741743
1539,ладья,20.764705882352946,2006.6470588235293,638.7058823529413
1547,лекси,34.529411764705884,3342.7647058823527,107.82352941176471
1548,лента,37.29931972789115,3647.356009070295,113.2358276643991
1549,ленфильм,46.60869565217392,13336.260869565218,201.0
1555,линус,13.138888888888891,1548.361111111111,269.8333333333333
1558,литрес,44.64285714285715,2899.809523809524,81.47619047619048
1564,люксор,68.875,5734.25,49.875
1565,м3,7.3125,1820.4375,36.3125
1567,магнит,29.375,6514.666666666668,49.75
1568,магнолия,26.051724137931036,2321.5172413793107,127.17241379310344
1569,мади,0.0,69.5,3.0
1576,малика,31.431818181818183,4054.159090909091,171.13636363636363
1596,медиалогия,271.0,10986.0,233.0
1606,метрополис,33.23913043478261,6066.536231884058,151.5072463768116
1611,микоян,42.56,2429.72,783.76
1616,мкс,34.0,2596.25,109.75
1624,монетка,3.4,196.0,30.2
1630,мосфильм,47.714285714285715,8716.761904761906,520.8571428571429
1633,мтс,17.666666666666668,723.6666666666665,10.0
1634,мульти,25.21212121212121,2228.757575757576,85.27272727272727
1643,наки,43.875,3020.6875,155.6875
1650,нева,8.333333333333334,2291.333333333333,57.5
1651,невафильм,93.07142857142857,9546.92857142857,68.57142857142857
1653,нейрон,76.25,7447.5,77.625
1670,нпс,33.22222222222222,2199.3888888888887,41.5
1671,нтв,30.823529411764714,2407.2352941176473,484.5294117647058
1679,одноклассники,31.30434782608696,2564.746376811594,121.42753623188406
1682,октавиан,46.46153846153846,4292.615384615385,102.23076923076924
1688,омнибус,17.307692307692307,2195.692307692308,30.69230769230769
1694,орбита,38.3125,20571.875,67.4375
1695,ордер,26.875,1529.875,172.25
1698,орион,17.681034482758623,1689.9396551724137,163.34482758620692
1699,орлан,42.0,3853.0,50.0
1702,осьминожка,9.76923076923077,1557.6153846153845,247.38461538461542
1712,парацельс,13.434782608695652,2568.913043478261,311.7826086956522
1713,партнер,21.647058823529417,1427.764705882353,38.647058823529406
1718,перспектива,9.403587443946188,1597.8295964125562,346.60538116591925
1719,петрович,26.30232558139535,1934.9534883720928,45.2093023255814
1720,пик,27.887005649717523,4315.745762711866,195.30790960451978
1721,пикабу,43.0,3156.121212121212,119.51515151515152
1723,пиком,19.44186046511628,3799.453488372093,518.4069767441861
1724,пилигрим,42.42241379310345,4649.241379310345,167.31034482758622
1736,позитроника,33.526315789473685,2165.315789473684,727.1052631578948
1738,полдень,6.446808510638298,843.063829787234,232.68085106382978
1766,профит,33.51282051282051,2225.8205128205127,95.6153846153846
1767,пульс,19.235294117647054,2396.4901960784314,167.80392156862746
1782,респект,18.55769230769231,992.4230769230768,73.94230769230771
1787,риза,36.60919540229885,4000.689655172414,158.32183908045974
1790,рокетбанк,94.33333333333331,4889.0,27.66666666666667
1791,роллтон,10.03125,221.69791666666663,300.2604166666667
1792,рольф,17.94736842105263,2624.578947368421,327.4736842105263
1794,росатом,5.666666666666668,370.66666666666674,15.0
1795,росмэн,50.65,5843.6,751.95
1796,роснефть,80.0,3396.0,37.0
1799,роспотребнадзор,54.175,3928.6,134.925
1802,ростелеком,30.65,2137.366666666667,20.383333333333333
1803,ростех,117.25,3594.5625,183.5
1805,руан,8.1,1101.9,176.7
1810,самокат,40.583333333333336,768.5,14.833333333333336
1813,сапсан,13.25,1105.75,10.5
1816,сбер,42.131313131313135,2718.707070707071,115.64646464646464
1818,связной,34.916666666666664,2656.6666666666665,91.47222222222223
1825,сенди,34.724137931034484,2376.689655172414,388.41379310344826
1831,сибур,5.0,152.0,0.0
1838,сириус,44.29411764705883,7289.647058823531,299.5686274509804
1842,ситилинк,54.379310344827594,4129.120689655172,351.3103448275862
1843,ситимобил,40.769230769230774,1832.1538461538464,172.38461538461542
1847,скаут,20.764705882352946,2365.882352941177,69.76470588235293
1853,смешарики,20.788888888888884,2436.722222222222,256.9
1864,спектрум,63.634146341463406,3085.1463414634145,107.26829268292684
1885,тануки,46.57142857142857,2179.214285714286,78.35714285714286
1887,тасс,11.25,1735.25,18.0
1889,твое,29.69767441860465,2731.593023255814,136.8139534883721
1906,тизер,47.635814889336025,4002.0643863179075,194.06841046277665
1907,тинькофф,35.52325581395349,3120.755813953489,419.0
1910,тнт,10.0,914.5,12.0
1915,тото,7.396825396825397,1020.3492063492064,30.58730158730159
1919,транстелеком,82.0,1589.0,3.0
1923,тритон,37.083333333333336,4335.444444444444,350.97222222222223
1925,туполев,0.0,83.0,6.0
1926,уаз,15.586206896551724,1645.396551724138,225.1551724137931
1927,укртелеком,99.33333333333331,6987.0,428.66666666666674
1935,уралсиб,0.0,643.0,5.0
1941,фарго,32.8041825095057,3568.8365019011408,235.58935361216732
1944,фидес,0.6666666666666666,89.33333333333331,5.0
1947,фламинго,12.0,1915.157894736842,49.368421052631575
1965,хабр,39.89130434782609,3410.521739130435,132.82608695652175
1968,хеликс,6.202898550724638,635.5797101449275,1153.1014492753625
1977,циан,107.0,12110.0,103.0
1979,цум,38.5,11058.0,81.5
1981,чердак,20.53846153846154,3171.6923076923076,43.53846153846154
1987,эвотор,59.0,1388.0,16.0
1993,эксмо,44.58661417322835,4168.696850393701,198.88188976377955
1995,эксплойт,50.0,6755.363636363636,42.63636363636363
2003,элис,24.68,3990.2933333333335,135.76444444444445
2004,эльба,44.458598726114644,5026.5668789808915,123.0127388535032
2016,юла,49.25,3888.607142857143,110.57142857142857
2017,юлмарт,20.33333333333333,9284.333333333334,65.0
2020,яндекс,26.3282722513089,1952.4848167539267,81.1869109947644
2021,яндекс.дзен,18.41176470588235,1678.3529411764707,162.88235294117646
2022,яндекс.драйв,5.0,87.5,4.5
2023,яндекс.лавка,12.0,86.0,9.0
2024,яндекс.маркет,49.2,4820.6,62.8
2026,янтарь,22.777777777777782,2184.6666666666665,37.888888888888886
